,created_at,tweets
0,2019-12-14 01:43:38,Devonte is a weapon but Robâ€™s gonna be the guy this year #IUbb https://t.co/Bk2Ce0f5rx
1,2019-12-14 01:42:48,"Open, please! https://t.co/ZPvhhE8RJG"
2,2019-12-14 01:41:05,Taking over â€¼ï¸ #IUBB https://t.co/enlW1OSj7I
3,2019-12-14 01:36:34,@IUBarstool IU shooting 3s: https://t.co/4O52Ktn38Q
4,2019-12-14 01:32:59,Defense tonight. #IUBB https://t.co/f70VvrHu9J
5,2019-12-14 01:21:22,RT @IUBarstool: GAME DAY MOOD #IUBB https://t.co/YLL3gR5apI
6,2019-12-14 01:17:59,We. Want. More. #IUBB https://t.co/9GD6b3sK0x
7,2019-12-14 01:08:36,ONE HELL OF A START FOR THESE HOOSIERS #IUB
8,2019-12-14 00:46:55,RT @IUBarstool: GAME DAY MOOD #IUBB https://t.co/YLL3gR5apI
9,2019-12-14 00:34:14,RT @IUBarstool: GAME DAY MOOD #IUBB https://t.co/YLL3gR5apI
10,2019-12-14 00:15:54,WTH .... https://t.co/pd92UymVAj
11,2019-12-14 00:11:57,RT @IUBarstool: GAME DAY MOOD #IUBB https://t.co/YLL3gR5apI
12,2019-12-14 00:10:34,RT @IUBarstool: GAME DAY MOOD #IUBB https://t.co/YLL3gR5apI
13,2019-12-14 00:09:05,ğŸ˜‚ğŸ˜‚ğŸ˜‚ğŸ˜‚ğŸ˜‚ https://t.co/gCqKghSKUr
14,2019-12-14 00:07:28,RT @IUBarstool: GAME DAY MOOD #IUBB https://t.co/YLL3gR5apI
15,2019-12-14 00:07:26,RT @IUBarstool: GAME DAY MOOD #IUBB https://t.co/YLL3gR5apI
16,2019-12-14 00:06:10,RT @IUBarstool: GAME DAY MOOD #IUBB https://t.co/YLL3gR5apI
17,2019-12-14 00:05:51,RT @IUBarstool: GAME DAY MOOD #IUBB https://t.co/YLL3gR5apI
18,2019-12-14 00:05:32,GAME DAY MOOD #IUBB https://t.co/YLL3gR5apI
19,2019-12-13 23:59:11,"@IUBarstool I could do without a Christmas story, otherwise the list is golden"
20,2019-12-13 23:29:45,RT @IUBarstool: Embrace debate. #IUB https://t.co/g3p90slY6o
21,2019-12-13 23:01:46,@IUBarstool https://t.co/vEKHVfS7an
22,2019-12-13 22:49:48,RT @IUBarstool: Embrace debate. #IUB https://t.co/g3p90slY6o
23,2019-12-13 22:48:12,Christmas Vacation at 3 is criminal and Iâ€™d like to report a crime https://t.co/C6ZCf4tbO1
24,2019-12-13 22:46:17,@IUBarstool https://t.co/yZiQAMamDR
25,2019-12-13 22:44:49,Embrace debate. #IUB https://t.co/g3p90slY6o
26,2019-12-13 03:34:54,RT @IUBarstool: Indiana fans on â€œThe Shotâ€ anniversary every year #IUBB https://t.co/df5xFcrRBK
27,2019-12-13 02:16:47,I still get goosebumps when I watch this! https://t.co/a32DvSFPjJ
28,2019-12-12 16:53:44,Even as a Purdue fan...this is a momentğŸš‚ğŸ§Š https://t.co/YqT4AT1Xkn
29,2019-12-12 13:59:29,RT @IUBarstool: Player of the game ğŸ˜¤ #IUBB https://t.co/urlcC5snke
30,2019-12-12 05:43:37,@Cody_Banet_22 @IUBarstool Turn the phone sideways and expand the video and it's ok.
31,2019-12-12 02:39:10,RT @IUBarstool: Indiana fans on â€œThe Shotâ€ anniversary every year #IUBB https://t.co/df5xFcrRBK
32,2019-12-12 01:55:19,RT @IUBarstool: Half time mood. #IUBB https://t.co/G9R3T7Qdt4
33,2019-12-12 00:29:27,@gutzy1234 @IUBarstool You lost to us in the tourney. Yea no one remembers that. Or our title. Yea guy.
34,2019-12-11 22:02:42,@johnny_brunk @jlbeeching @ChronicHoosier @crimsonquarry @IUBarstool @Hoosierzz
35,2019-12-11 21:30:40,RT @IUBarstool: Indiana fans on â€œThe Shotâ€ anniversary every year #IUBB https://t.co/df5xFcrRBK
36,2019-12-11 21:09:04,RT @IUBarstool: Indiana fans on â€œThe Shotâ€ anniversary every year #IUBB https://t.co/df5xFcrRBK
37,2019-12-11 21:00:54,RT @IUBarstool: Indiana fans on â€œThe Shotâ€ anniversary every year #IUBB https://t.co/df5xFcrRBK
38,2019-12-11 20:40:34,RT @IUBarstool: Indiana fans on â€œThe Shotâ€ anniversary every year #IUBB https://t.co/df5xFcrRBK
39,2019-12-11 19:28:11,RT @IUBarstool: Indiana fans on â€œThe Shotâ€ anniversary every year #IUBB https://t.co/df5xFcrRBK
40,2019-12-11 18:35:16,@IUBarstool Simba being embraced by the pridelands
41,2019-12-11 18:19:33,RT @cdingy23: I never noticed they gave the 3 points to kentuckyğŸ¤£ğŸ¤£ https://t.co/o4S7a0UkwM
42,2019-12-11 18:17:03,RT @IUBarstool: Indiana fans on â€œThe Shotâ€ anniversary every year #IUBB https://t.co/df5xFcrRBK
43,2019-12-11 18:12:13,RT @IUBarstool: Indiana fans on â€œThe Shotâ€ anniversary every year #IUBB https://t.co/df5xFcrRBK
44,2019-12-11 18:10:23,RT @IUBarstool: Indiana fans on â€œThe Shotâ€ anniversary every year #IUBB https://t.co/df5xFcrRBK
45,2019-12-11 18:01:30,"@swimfan1122 @IUBarstool My dad is a 1982 grad actually and Iâ€™m a 2017 grad haha from northwest Indiana, not near yâ€¦ https://t.co/AQ9xuGYc1E"
46,2019-12-11 17:48:25,RT @IUBarstool: Indiana fans on â€œThe Shotâ€ anniversary every year #IUBB https://t.co/df5xFcrRBK
47,2019-12-11 17:37:29,RT @IUBarstool: Indiana fans on â€œThe Shotâ€ anniversary every year #IUBB https://t.co/df5xFcrRBK
48,2019-12-11 17:36:20,"@swimfan1122 @IUBarstool I was not on a team, but, ALL Hoosiers are we."
49,2019-12-11 17:32:52,@CatsWhoDab20 @IUBarstool Iâ€™m actually a 1984 grad and love IU. Itâ€™s just that Iâ€™m from Lexington and love UK more.
50,2019-12-11 17:30:59,RT @IUBarstool: https://t.co/vXPI6829LK
51,2019-12-11 17:30:31,@IUFAN417 @IUBarstool Which team were you on?
52,2019-12-11 17:27:56,"@IUBarstool Except, ""The Shot"" was from Keith Smart against Syracuse to win the 1987 NCAA Championship.  This is thâ€¦ https://t.co/v2osr5Iqhm"
53,2019-12-11 17:27:52,@BarstoolStorrs @IUBarstool You left the front door open on that Justin Smith alley oop. ğŸ˜‚
54,2019-12-11 17:26:15,"@swimfan1122 @IUBarstool We have won a total of five Championships.  1940, 1953, 1976, 1981, and 1987."
55,2019-12-11 17:22:56,@IUBarstool I agree https://t.co/cAb54sIUah
56,2019-12-11 17:19:38,RT @IUBarstool: Player of the game ğŸ˜¤ #IUBB https://t.co/urlcC5snke
57,2019-12-11 17:00:46,RT @IUBarstool: Indiana fans on â€œThe Shotâ€ anniversary every year #IUBB https://t.co/df5xFcrRBK
58,2019-12-11 16:43:17,RT @IUBarstool: https://t.co/vXPI6829LK
59,2019-12-11 16:35:02,RT @IUBarstool: Indiana fans on â€œThe Shotâ€ anniversary every year #IUBB https://t.co/df5xFcrRBK
60,2019-12-11 16:22:42,@ballerboy1992 @IUBarstool But better than Daâ€™ron Davis ğŸ˜‚ dude needs to practice lay ups
61,2019-12-11 16:10:05,https://t.co/MD6GJSfM1p https://t.co/zqYIvB5u9w
62,2019-12-11 16:08:43,RT @IUBarstool: Indiana fans on â€œThe Shotâ€ anniversary every year #IUBB https://t.co/df5xFcrRBK
63,2019-12-11 15:54:51,RT @IUBarstool: Indiana fans on â€œThe Shotâ€ anniversary every year #IUBB https://t.co/df5xFcrRBK
64,2019-12-11 15:49:29,@IUBarstool Lmao you mustâ€™ve been on some good drugs if you think Brunk was or ever will be player of the game.
65,2019-12-11 15:40:25,"iu fans on october 20: omfg why are purdue fans still celebrating beating ohio state
also iu fans: https://t.co/GQiis2dMQr"
66,2019-12-11 15:40:07,"""Unbelievable, Unbelievable, Unbelievable, can't believe it!""  @DickieV has hilarious play-calling, but still ranksâ€¦ https://t.co/R09pzp1nuF"
67,2019-12-11 15:05:12,RT @IUBarstool: Player of the game ğŸ˜¤ #IUBB https://t.co/urlcC5snke
68,2019-12-11 15:04:51,RT @IUBarstool: Player of the game ğŸ˜¤ #IUBB https://t.co/urlcC5snke
69,2019-12-11 15:03:49,RT @IUBarstool: Player of the game ğŸ˜¤ #IUBB https://t.co/urlcC5snke
70,2019-12-11 15:02:27,RT @IUBarstool: Player of the game ğŸ˜¤ #IUBB https://t.co/urlcC5snke
71,2019-12-11 14:43:27,RT @IUBarstool: Indiana fans on â€œThe Shotâ€ anniversary every year #IUBB https://t.co/df5xFcrRBK
72,2019-12-11 14:39:02,RT @IUBarstool: Player of the game ğŸ˜¤ #IUBB https://t.co/urlcC5snke
73,2019-12-11 14:31:24,RT @IUBarstool: Player of the game ğŸ˜¤ #IUBB https://t.co/urlcC5snke
74,2019-12-11 14:29:48,RT @josh_kastner12: Yâ€™all post this every year like UK didnâ€™t beat yâ€™all in the sweet sixteen and win the natty that year... https://t.co/lâ€¦
75,2019-12-11 14:13:31,RT @IUBarstool: Indiana fans on â€œThe Shotâ€ anniversary every year #IUBB https://t.co/df5xFcrRBK
76,2019-12-11 13:58:31,"I know this was basically a copycat play of the UConn inbound to Akok earlier... but man, so much cooler seeing ourâ€¦ https://t.co/esojHj1nGK"
77,2019-12-11 13:57:33,anybodyâ€™s else notice they gave kentucky the points?ğŸ˜‚ğŸ˜‚ https://t.co/pvEIUNF7Dj
78,2019-12-11 13:38:48,RT @IUBarstool: Half time mood. #IUBB https://t.co/G9R3T7Qdt4
79,2019-12-11 13:13:45,@BarstoolStorrs @IUBarstool It sounded nice ğŸ˜‚
80,2019-12-11 12:48:43,@IUBarstool Basically lost at home.  Go Hoosiers!
81,2019-12-11 12:12:02,RT @IUBarstool: Half time mood. #IUBB https://t.co/G9R3T7Qdt4
82,2019-12-11 11:39:52,@BarstoolStorrs @IUBarstool Find new management
83,2019-12-11 08:04:06,RT @IUBarstool: Indiana fans on â€œThe Shotâ€ anniversary every year #IUBB https://t.co/df5xFcrRBK
84,2019-12-11 07:38:29,RT @IUBarstool: Indiana fans on â€œThe Shotâ€ anniversary every year #IUBB https://t.co/df5xFcrRBK
85,2019-12-11 07:11:39,RT @IUBarstool: Indiana fans on â€œThe Shotâ€ anniversary every year #IUBB https://t.co/df5xFcrRBK
86,2019-12-11 06:51:18,RT @josh_kastner12: Yâ€™all post this every year like UK didnâ€™t beat yâ€™all in the sweet sixteen and win the natty that year... https://t.co/lâ€¦
87,2019-12-11 06:50:02,RT @IUBarstool: Indiana fans on â€œThe Shotâ€ anniversary every year #IUBB https://t.co/df5xFcrRBK
88,2019-12-11 06:47:03,RT @IUBarstool: https://t.co/vXPI6829LK
89,2019-12-11 06:34:18,RT @IUBarstool: Indiana fans on â€œThe Shotâ€ anniversary every year #IUBB https://t.co/df5xFcrRBK
90,2019-12-11 06:17:27,RT @IUBarstool: Indiana fans on â€œThe Shotâ€ anniversary every year #IUBB https://t.co/df5xFcrRBK
91,2019-12-11 06:08:57,RT @IUBarstool: Indiana fans on â€œThe Shotâ€ anniversary every year #IUBB https://t.co/df5xFcrRBK
92,2019-12-11 06:07:04,RT @IUBarstool: Indiana fans on â€œThe Shotâ€ anniversary every year #IUBB https://t.co/df5xFcrRBK
93,2019-12-11 06:01:55,RT @bob_clone116: I will never get tired of watching this and RTing this https://t.co/Z0GopXpTim
94,2019-12-11 06:00:36,RT @IUBarstool: Indiana fans on â€œThe Shotâ€ anniversary every year #IUBB https://t.co/df5xFcrRBK
95,2019-12-11 05:58:11,RT @IUBarstool: Player of the game ğŸ˜¤ #IUBB https://t.co/urlcC5snke
96,2019-12-11 05:53:02,ğŸ¤‘ğŸ¤‘ğŸ¤‘ğŸ¤‘ https://t.co/uqbpaUDUEU
97,2019-12-11 05:51:32,@justinsmith3_ is not human ğŸ˜¤ https://t.co/gTp04SCcjs
98,2019-12-11 05:39:02,@BarstoolStorrs @IUBarstool Pretty sure it was a home game. No IU band or cheerleaders. Way to hold home court!! #hoosiers
99,2019-12-11 05:38:15,RT @IUBarstool: https://t.co/vXPI6829LK
100,2019-12-11 05:37:24,RT @IUBarstool: Indiana fans on â€œThe Shotâ€ anniversary every year #IUBB https://t.co/df5xFcrRBK
101,2019-12-11 05:36:59,RT @IUBarstool: Player of the game ğŸ˜¤ #IUBB https://t.co/urlcC5snke
102,2019-12-11 05:32:03,@BarstoolStorrs @IUBarstool @OldTakesExposed howâ€™s this one
103,2019-12-11 05:30:52,@BarstoolStorrs @IUBarstool Tough L at home for the boys ğŸ˜‚
104,2019-12-11 05:30:11,RT @indiana_edits: All the little piss ants saying we need to â€œget over thisâ€ can f right off. for a whole generation of Hoosier fans (inclâ€¦
105,2019-12-11 05:29:09,@BarstoolStorrs @IUBarstool Haaaaa has haaaaaağŸ¤£ğŸ¤£ğŸ¤£
106,2019-12-11 05:28:23,@IUBarstool Oops
107,2019-12-11 05:27:30,BaSiCaLlY RuN ThAT pLAcE https://t.co/rztdhnqJBJ
108,2019-12-11 05:26:00,RT @IUBarstool: Half time mood. #IUBB https://t.co/G9R3T7Qdt4
109,2019-12-11 05:25:39,@Lccameron4 https://t.co/HqhP52yO20
110,2019-12-11 05:21:48,@IUBarstool Hell no
111,2019-12-11 05:20:22,Itâ€™s been a good day ğŸ™ŒğŸ¼ https://t.co/FMDsxNG793
112,2019-12-11 05:19:07,RT @IUBarstool: Indiana fans on â€œThe Shotâ€ anniversary every year #IUBB https://t.co/df5xFcrRBK
113,2019-12-11 05:18:45,RT @IUBarstool: Player of the game ğŸ˜¤ #IUBB https://t.co/urlcC5snke
114,2019-12-11 05:17:55,ğŸ˜³ https://t.co/kmOnJEs4PX
115,2019-12-11 05:17:22,RT @IUBarstool: Player of the game ğŸ˜¤ #IUBB https://t.co/urlcC5snke
116,2019-12-11 05:17:02,@IUBarstool A dubious distinction in this game
117,2019-12-11 05:16:55,@IUBarstool No
118,2019-12-11 05:16:51,@SpectorMatt @IndianaMBB @IUBarstool It literally took me two days to watch it
119,2019-12-11 05:15:08,@IUBarstool There a different team with Rob Fin. In the lineup
120,2019-12-11 05:14:39,@IUBarstool 2nd Half***
121,2019-12-11 05:14:31,That game took YEARS off of my life #iubb @IndianaMBB @IUBarstool
122,2019-12-11 05:13:49,RT @IUBarstool: Player of the game ğŸ˜¤ #IUBB https://t.co/urlcC5snke
123,2019-12-11 05:13:41,âœˆï¸âœˆï¸âœˆï¸ https://t.co/PtWQQI1JNY
124,2019-12-11 05:13:22,RT @IUBarstool: Indiana fans on â€œThe Shotâ€ anniversary every year #IUBB https://t.co/df5xFcrRBK
125,2019-12-11 05:13:00,"@IUBarstool Drink, drank, Brunk"
126,2019-12-11 05:12:02,@bradtank11 https://t.co/YI6mM9pskk
127,2019-12-11 05:11:58,@IUBarstool Ya he is
128,2019-12-11 05:11:50,RT @IUBarstool: Player of the game ğŸ˜¤ #IUBB https://t.co/urlcC5snke
129,2019-12-11 05:11:41,Player of the game ğŸ˜¤ #IUBB https://t.co/urlcC5snke
130,2019-12-11 05:11:30,RT @IUBarstool: https://t.co/vXPI6829LK
131,2019-12-11 05:11:26,Cue YNW Melly: Murder on my Mind https://t.co/RTzg3Rricz
132,2019-12-11 05:11:18,RT @IUBarstool: https://t.co/vXPI6829LK
133,2019-12-11 05:11:00,RT @peyburnss: For all the LBN fans that are dissing Louisville tonight. https://t.co/DTj1HmBRJH
134,2019-12-11 05:10:32,Send it in Justin! https://t.co/Mx9z5bVJYY
135,2019-12-11 05:10:29,RT @IUBarstool: Indiana fans on â€œThe Shotâ€ anniversary every year #IUBB https://t.co/df5xFcrRBK
136,2019-12-11 05:09:53,@IUBarstool Me trying to see that video https://t.co/WRDxDSApYt
137,2019-12-11 05:09:05,Absolutely disgusting #IUBB https://t.co/f6d45EvLYn
138,2019-12-11 05:09:00,RT @IUBarstool: https://t.co/vXPI6829LK
139,2019-12-11 05:08:39,RT @IUBarstool: Half time mood. #IUBB https://t.co/G9R3T7Qdt4
140,2019-12-11 05:08:10,RT @IUBarstool: https://t.co/vXPI6829LK
141,2019-12-11 05:08:02,RT @IUBarstool: https://t.co/vXPI6829LK
142,2019-12-11 05:07:59,RT @IUBarstool: https://t.co/vXPI6829LK
143,2019-12-11 05:07:55,RT @IUBarstool: https://t.co/vXPI6829LK
144,2019-12-11 05:07:42,https://t.co/vXPI6829LK
145,2019-12-11 05:06:32,RT @JeffMercer54: A moment all Hoosiers remember where they were when Wat hit the shot. I was at a restaurant in Cleveland after working aâ€¦
146,2019-12-11 05:02:51,RT @IUBarstool: Indiana fans on â€œThe Shotâ€ anniversary every year #IUBB https://t.co/df5xFcrRBK
147,2019-12-11 04:57:34,RT @IUBarstool: Indiana fans on â€œThe Shotâ€ anniversary every year #IUBB https://t.co/df5xFcrRBK
148,2019-12-11 04:56:01,RT @IUBarstool: Indiana fans on â€œThe Shotâ€ anniversary every year #IUBB https://t.co/df5xFcrRBK
149,2019-12-11 04:54:55,Do you all really celebrate this every year? https://t.co/uhFf5FT88R
150,2019-12-11 04:50:24,RT @IUBarstool: Indiana fans on â€œThe Shotâ€ anniversary every year #IUBB https://t.co/df5xFcrRBK
151,2019-12-11 04:49:40,BROUGHT DOWN THE HAMMER @justinsmith3_ #IUBB
152,2019-12-11 04:49:33,This dunk was silly https://t.co/ORa7vQymuj
153,2019-12-11 04:49:15,OH MY GOD
154,2019-12-11 04:48:45,RT @IUBarstool: Half time mood. #IUBB https://t.co/G9R3T7Qdt4
155,2019-12-11 04:47:35,RT @IUBarstool: Indiana fans on â€œThe Shotâ€ anniversary every year #IUBB https://t.co/df5xFcrRBK
156,2019-12-11 04:44:40,RT @IUBarstool: Half time mood. #IUBB https://t.co/G9R3T7Qdt4
157,2019-12-11 04:42:05,@IUBarstool Too much grit https://t.co/QlAQV3KYJh
158,2019-12-11 04:41:01,Let it go https://t.co/KlHJT6JkFN
159,2019-12-11 04:40:46,@IUBarstool This is a joke right
160,2019-12-11 04:40:36,@IUBarstool Give him the ball and let him cooooookkk!!
161,2019-12-11 04:40:30,RT @IUBarstool: Indiana fans on â€œThe Shotâ€ anniversary every year #IUBB https://t.co/df5xFcrRBK
162,2019-12-11 04:40:12,JOEY CAN NOT BE STOPPED #IUBB
163,2019-12-11 04:40:11,RT @IUBarstool: Half time mood. #IUBB https://t.co/G9R3T7Qdt4
164,2019-12-11 04:39:19,RT @IUBarstool: Indiana fans on â€œThe Shotâ€ anniversary every year #IUBB https://t.co/df5xFcrRBK
165,2019-12-11 04:36:18,"@swimfan1122 @IUBarstool I was wrong, I guess the last time they were in a final four wouldâ€™ve been 02 like you said"
166,2019-12-11 04:31:57,RT @IUBarstool: Indiana fans on â€œThe Shotâ€ anniversary every year #IUBB https://t.co/df5xFcrRBK
167,2019-12-11 04:31:04,RT @IUBarstool: Indiana fans on â€œThe Shotâ€ anniversary every year #IUBB https://t.co/df5xFcrRBK
168,2019-12-11 04:30:13,RT @PhillipsThe1st_: Personal favorite GW Iâ€™ve ever seen https://t.co/B8eohJyp5R
169,2019-12-11 04:27:33,https://t.co/t2SlPzwEjX
170,2019-12-11 04:25:11,RT @IUBarstool: Half time mood. #IUBB https://t.co/G9R3T7Qdt4
171,2019-12-11 04:24:21,Live look at @Archie_Miller in the huddle https://t.co/fV573s1BVq
172,2019-12-11 04:22:39,RT @IUBarstool: https://t.co/liizTWwGs9
173,2019-12-11 04:21:56,https://t.co/liizTWwGs9
174,2019-12-11 04:21:28,For all the LBN fans that are dissing Louisville tonight. https://t.co/DTj1HmBRJH
175,2019-12-11 04:20:33,RT @IUBarstool: Half time mood. #IUBB https://t.co/G9R3T7Qdt4
176,2019-12-11 04:19:33,RT @IUBarstool: Indiana fans on â€œThe Shotâ€ anniversary every year #IUBB https://t.co/df5xFcrRBK
177,2019-12-11 04:16:08,"One of my favorite memories from undergrad. So glad I got to attend the game with my grandpa, the biggest IU fan Iâ€¦ https://t.co/jUNzFX8rTE"
178,2019-12-11 04:12:39,@IUBarstool Fisher did it better!!
179,2019-12-11 04:05:25,RT @IUBarstool: Indiana fans on â€œThe Shotâ€ anniversary every year #IUBB https://t.co/df5xFcrRBK
180,2019-12-11 04:03:05,RT @IUBarstool: Half time mood. #IUBB https://t.co/G9R3T7Qdt4
181,2019-12-11 04:01:21,RT @indiana_edits: All the little piss ants saying we need to â€œget over thisâ€ can f right off. for a whole generation of Hoosier fans (inclâ€¦
182,2019-12-11 04:00:50,RT @IUBarstool: Half time mood. #IUBB https://t.co/G9R3T7Qdt4
183,2019-12-11 04:00:28,RT @IUBarstool: Half time mood. #IUBB https://t.co/G9R3T7Qdt4
184,2019-12-11 03:59:00,This the last great thing that done happened to this school basketball wise https://t.co/cZfg1jdKTV
185,2019-12-11 03:58:30,RT @JeffMercer54: A moment all Hoosiers remember where they were when Wat hit the shot. I was at a restaurant in Cleveland after working aâ€¦
186,2019-12-11 03:56:49,RT @IUBarstool: Half time mood. #IUBB https://t.co/G9R3T7Qdt4
187,2019-12-11 03:55:25,RT @IUBarstool: Half time mood. #IUBB https://t.co/G9R3T7Qdt4
188,2019-12-11 03:54:18,RT @IUBarstool: Half time mood. #IUBB https://t.co/G9R3T7Qdt4
189,2019-12-11 03:53:54,RT @IUBarstool: Half time mood. #IUBB https://t.co/G9R3T7Qdt4
190,2019-12-11 03:52:59,Personal favorite GW Iâ€™ve ever seen https://t.co/B8eohJyp5R
191,2019-12-11 03:51:05,"I cheer for IU only when they play UK. Suck it, Kentucky. https://t.co/0q6D4Yvlj5"
192,2019-12-11 03:51:04,RT @IUBarstool: Half time mood. #IUBB https://t.co/G9R3T7Qdt4
193,2019-12-11 03:50:18,RT @IUBarstool: Half time mood. #IUBB https://t.co/G9R3T7Qdt4
194,2019-12-11 03:49:57,RT @IUBarstool: Half time mood. #IUBB https://t.co/G9R3T7Qdt4
195,2019-12-11 03:49:56,#NeverForget https://t.co/AfwlKfkrOb
196,2019-12-11 03:49:35,RT @IUBarstool: Half time mood. #IUBB https://t.co/G9R3T7Qdt4
197,2019-12-11 03:49:28,RT @IUBarstool: Half time mood. #IUBB https://t.co/G9R3T7Qdt4
198,2019-12-11 03:48:21,RT @IUBarstool: Half time mood. #IUBB https://t.co/G9R3T7Qdt4
199,2019-12-11 03:48:11,RT @IUBarstool: Half time mood. #IUBB https://t.co/G9R3T7Qdt4
200,2019-12-11 03:48:06,RT @IUBarstool: Half time mood. #IUBB https://t.co/G9R3T7Qdt4
201,2019-12-11 03:47:34,RT @IUBarstool: Half time mood. #IUBB https://t.co/G9R3T7Qdt4
202,2019-12-11 03:47:31,RT @IUBarstool: Half time mood. #IUBB https://t.co/G9R3T7Qdt4
203,2019-12-11 03:47:08,RT @IUBarstool: Half time mood. #IUBB https://t.co/G9R3T7Qdt4
204,2019-12-11 03:46:39,RT @IUBarstool: Half time mood. #IUBB https://t.co/G9R3T7Qdt4
205,2019-12-11 03:45:47,@musiciswavyair @IUBarstool Google just doesnâ€™t go back that far in history.
206,2019-12-11 03:45:43,RT @IUBarstool: Half time mood. #IUBB https://t.co/G9R3T7Qdt4
207,2019-12-11 03:45:28,Phinisee = ğŸ”‘ https://t.co/ew2eLFrviV
208,2019-12-11 03:45:26,@IUBarstool That one is actually funny
209,2019-12-11 03:45:16,RT @IUBarstool: Half time mood. #IUBB https://t.co/G9R3T7Qdt4
210,2019-12-11 03:45:13,RT @IUBarstool: Half time mood. #IUBB https://t.co/G9R3T7Qdt4
211,2019-12-11 03:45:11,RT @IUBarstool: Half time mood. #IUBB https://t.co/G9R3T7Qdt4
212,2019-12-11 03:44:55,@CatsWhoDab20 @IUBarstool Won what? 02 was runner up. Last championship was in 1987.
213,2019-12-11 03:44:55,Half time mood. #IUBB https://t.co/G9R3T7Qdt4
214,2019-12-11 03:42:14,Tom crean still with one of the best WTF just happened looks ever ğŸ˜‚ https://t.co/SugFNFBw7x
215,2019-12-11 03:41:36,RT @IUBarstool: Indiana fans on â€œThe Shotâ€ anniversary every year #IUBB https://t.co/df5xFcrRBK
216,2019-12-11 03:41:28,RT @IUBarstool: Indiana fans on â€œThe Shotâ€ anniversary every year #IUBB https://t.co/df5xFcrRBK
217,2019-12-11 03:40:56,RT @IUBarstool: LFG #IUBB https://t.co/jXN0mQS6w9
218,2019-12-11 03:40:34,RT @IUBarstool: LFG #IUBB https://t.co/jXN0mQS6w9
219,2019-12-11 03:40:22,LFG #IUBB https://t.co/jXN0mQS6w9
220,2019-12-11 03:38:16,@IUBarstool How many point would we be up if we didnâ€™t keep turning over our fast breaks?..
221,2019-12-11 03:37:45,JUSTIN SMITH FROM DEEP #IUBB
222,2019-12-11 03:35:54,@Hsu563 @IUBarstool @barstool_usi
223,2019-12-11 03:35:06,still won the natty ğŸ¤·ğŸ¼â€â™‚ï¸ğŸ¤·ğŸ¼â€â™‚ï¸ https://t.co/jNPAaV2PQr
224,2019-12-11 03:29:25,@IUBarstool https://t.co/VVpEretJuI
225,2019-12-11 03:27:29,RT @IUBarstool: Indiana fans on â€œThe Shotâ€ anniversary every year #IUBB https://t.co/df5xFcrRBK
226,2019-12-11 03:26:04,Can we get one stop? Please Iâ€™m begging #IUBB
227,2019-12-11 03:22:33,@callmejake___ @IUBarstool
228,2019-12-11 03:21:12,RT @IUBarstool: Indiana fans on â€œThe Shotâ€ anniversary every year #IUBB https://t.co/df5xFcrRBK
229,2019-12-11 03:16:26,RT @IUBarstool: Indiana fans on â€œThe Shotâ€ anniversary every year #IUBB https://t.co/df5xFcrRBK
230,2019-12-11 03:14:47,@ngudgel13 https://t.co/HVHKdONO0S
231,2019-12-11 03:10:31,RT @IUBarstool: Indiana fans on â€œThe Shotâ€ anniversary every year #IUBB https://t.co/df5xFcrRBK
232,2019-12-11 03:09:55,RT @IUBarstool: Indiana fans on â€œThe Shotâ€ anniversary every year #IUBB https://t.co/df5xFcrRBK
233,2019-12-11 03:08:23,"As if this moment in time wasnâ€™t already legendary enough, Dick Vitaleâ€™s commentary makes it that much better. https://t.co/efnBBt5l5R"
234,2019-12-11 03:05:24,RT @IUBarstool: Indiana fans on â€œThe Shotâ€ anniversary every year #IUBB https://t.co/df5xFcrRBK
235,2019-12-11 03:05:05,I love this video ğŸ˜‚ğŸ˜‚ https://t.co/9sPkEpTYab
236,2019-12-11 03:04:47,RT @IUBarstool: Indiana fans on â€œThe Shotâ€ anniversary every year #IUBB https://t.co/df5xFcrRBK
237,2019-12-11 03:04:08,@IUBarstool Get joey brunk out of the damn game
238,2019-12-11 03:03:17,Step it up. #IUBB
239,2019-12-11 03:02:14,"Coming from a person with a hatred for IU, I still canâ€™t look past the legendary combination of Tom Creanâ€™s facialâ€¦ https://t.co/xAOuF5ijKn"
240,2019-12-11 02:53:43,RT @IUBarstool: Indiana fans on â€œThe Shotâ€ anniversary every year #IUBB https://t.co/df5xFcrRBK
241,2019-12-11 02:51:33,"Oh well, beat them in March madness and won the natty soğŸ¤·â€â™‚ï¸ https://t.co/6UE8pgnIcQ"
242,2019-12-11 02:50:17,@IUBarstool Iâ€™m seeing tweets from people claiming to be IU basketball fans saying this moment needs to be put awayâ€¦ https://t.co/DWz8w809hg
243,2019-12-11 02:50:13,Craziest atmosphere Iâ€™ve ever seen at any sporting event. It was so loud that my ears were popping on the entire riâ€¦ https://t.co/gZBBmxX6F7
244,2019-12-11 02:43:59,ğŸ”‚ All Day https://t.co/02Zsmhuhiy
245,2019-12-11 02:41:16,RT @IUBarstool: Indiana fans on â€œThe Shotâ€ anniversary every year #IUBB https://t.co/df5xFcrRBK
246,2019-12-11 02:41:09,RT @IUBarstool: Indiana fans on â€œThe Shotâ€ anniversary every year #IUBB https://t.co/df5xFcrRBK
247,2019-12-11 02:38:55,Never.Gets.Old https://t.co/aG0xk8Jwi8
248,2019-12-11 02:38:39,@IUBarstool Never gets old!
249,2019-12-11 02:38:11,@JiB117 Iâ€™m going to need you to remake this. https://t.co/GX91ifSJyk
250,2019-12-11 02:35:07,My favorite video of all time https://t.co/kj1blVzrYp
251,2019-12-11 02:34:50,LFG Hoosiers #iubb https://t.co/DPxfGRKVnF
252,2019-12-11 02:30:20,RT @JeffMercer54: A moment all Hoosiers remember where they were when Wat hit the shot. I was at a restaurant in Cleveland after working aâ€¦
253,2019-12-11 02:30:07,RT @IUBarstool: Indiana fans on â€œThe Shotâ€ anniversary every year #IUBB https://t.co/df5xFcrRBK
254,2019-12-11 02:29:04,RT @Allie_Bland: There will never be a moment when this isnâ€™t cool. #WatShot https://t.co/Y3BVdsHfgA
255,2019-12-11 02:26:42,RT @IUBarstool: Indiana fans on â€œThe Shotâ€ anniversary every year #IUBB https://t.co/df5xFcrRBK
256,2019-12-11 02:22:42,@swimfan1122 @IUBarstool 03 I believe we won
257,2019-12-11 02:18:10,RT @IUBarstool: Indiana fans on â€œThe Shotâ€ anniversary every year #IUBB https://t.co/df5xFcrRBK
258,2019-12-11 02:05:44,RT @IUBarstool: Indiana fans on â€œThe Shotâ€ anniversary every year #IUBB https://t.co/df5xFcrRBK
259,2019-12-11 02:01:12,I will forever share this https://t.co/LGdN3SnMuC
260,2019-12-11 02:00:34,RT @IUBarstool: Indiana fans on â€œThe Shotâ€ anniversary every year #IUBB https://t.co/df5xFcrRBK
261,2019-12-11 02:00:28,RT @IUBarstool: Indiana fans on â€œThe Shotâ€ anniversary every year #IUBB https://t.co/df5xFcrRBK
262,2019-12-11 01:59:26,RT @indiana_edits: All the little piss ants saying we need to â€œget over thisâ€ can f right off. for a whole generation of Hoosier fans (inclâ€¦
263,2019-12-11 01:56:44,RT @IUBarstool: Indiana fans on â€œThe Shotâ€ anniversary every year #IUBB https://t.co/df5xFcrRBK
264,2019-12-11 01:45:22,RT @C_Cakes2569: This will never get old. Ever. https://t.co/jMibAikoEt
265,2019-12-11 01:40:41,@IUBarstool Best 18th birthday present ever!!!
266,2019-12-11 01:40:17,"RT @BarstoolStorrs: GAMEDAY TONIGHT AGAINST @IUBarstool!! Basically a home game at MSG, we run that place #BleedBlue"
267,2019-12-11 01:39:26,@IUBarstool Itâ€™s the wat shot
268,2019-12-11 01:37:48,RT @IUBarstool: Indiana fans on â€œThe Shotâ€ anniversary every year #IUBB https://t.co/df5xFcrRBK
269,2019-12-11 01:28:29,This angers me sm https://t.co/lFWMsTX1Eh
270,2019-12-11 01:28:27,RT @IUBarstool: Indiana fans on â€œThe Shotâ€ anniversary every year #IUBB https://t.co/df5xFcrRBK
271,2019-12-11 01:28:07,RT @IUBarstool: Indiana fans on â€œThe Shotâ€ anniversary every year #IUBB https://t.co/df5xFcrRBK
272,2019-12-11 01:27:55,What a great memory - oh and @rachel_elaine85 and I got married that same day too! https://t.co/nk8NZRGhma https://t.co/pccLyMZDzL
273,2019-12-11 01:27:54,Greatest game Iâ€™ve ever been to! Loved storming the court. https://t.co/YRVlcwT9Re
274,2019-12-11 01:26:13,RT @ChaseMcNicholas: Lol Evansville beat Kentucky this year and has probably tweeted less about it ğŸ˜‚ https://t.co/an7DbwHcnA
275,2019-12-11 01:25:10,RT @IUBarstool: Indiana fans on â€œThe Shotâ€ anniversary every year #IUBB https://t.co/df5xFcrRBK
276,2019-12-11 01:22:49,RT @IUBarstool: Indiana fans on â€œThe Shotâ€ anniversary every year #IUBB https://t.co/df5xFcrRBK
277,2019-12-11 01:22:44,Lol Evansville beat Kentucky this year and has probably tweeted less about it ğŸ˜‚ https://t.co/an7DbwHcnA
278,2019-12-11 01:22:29,RT @IUBarstool: Indiana fans on â€œThe Shotâ€ anniversary every year #IUBB https://t.co/df5xFcrRBK
279,2019-12-11 01:22:19,RT @IUBarstool: Indiana fans on â€œThe Shotâ€ anniversary every year #IUBB https://t.co/df5xFcrRBK
280,2019-12-11 01:21:49,should have done something like this when it mattered in the tournament https://t.co/MF6RuJfkQo
281,2019-12-11 01:21:18,RT @IUBarstool: Indiana fans on â€œThe Shotâ€ anniversary every year #IUBB https://t.co/df5xFcrRBK
282,2019-12-11 01:20:42,RT @IUBarstool: Indiana fans on â€œThe Shotâ€ anniversary every year #IUBB https://t.co/df5xFcrRBK
283,2019-12-11 01:18:30,RT @IUBarstool: Indiana fans on â€œThe Shotâ€ anniversary every year #IUBB https://t.co/df5xFcrRBK
284,2019-12-11 01:14:38,RT @IUBarstool: Indiana fans on â€œThe Shotâ€ anniversary every year #IUBB https://t.co/df5xFcrRBK
285,2019-12-11 01:10:01,RT @IUBarstool: Indiana fans on â€œThe Shotâ€ anniversary every year #IUBB https://t.co/df5xFcrRBK
286,2019-12-11 01:08:59,RT @JeffMercer54: A moment all Hoosiers remember where they were when Wat hit the shot. I was at a restaurant in Cleveland after working aâ€¦
287,2019-12-11 01:08:18,If I had $1 for every time Iâ€™ve watched this replay .... https://t.co/fH0yTTDHqb
288,2019-12-11 01:07:59,RT @IUBarstool: Indiana fans on â€œThe Shotâ€ anniversary every year #IUBB https://t.co/df5xFcrRBK
289,2019-12-11 01:04:24,RT @cbentley1996: 2012 National Champion Kentucky Wildcats ğŸ¤·ğŸ»â€â™‚ï¸ https://t.co/fCYBRZYUui
290,2019-12-11 01:00:57,RT @IUBarstool: Indiana fans on â€œThe Shotâ€ anniversary every year #IUBB https://t.co/df5xFcrRBK
291,2019-12-11 00:56:05,RT @IUBarstool: Indiana fans on â€œThe Shotâ€ anniversary every year #IUBB https://t.co/df5xFcrRBK
292,2019-12-11 00:55:21,@FSUPayneTrayne @IUBarstool Too bad nobody else but Ketucky remembers that ğŸ˜‚ this is the thing everyone remembers
293,2019-12-11 00:54:47,2012 National Champion Kentucky Wildcats ğŸ¤·ğŸ»â€â™‚ï¸ https://t.co/fCYBRZYUui
294,2019-12-11 00:53:43,RT @IUBarstool: Indiana fans on â€œThe Shotâ€ anniversary every year #IUBB https://t.co/df5xFcrRBK
295,2019-12-11 00:49:48,RT @IUBarstool: Indiana fans on â€œThe Shotâ€ anniversary every year #IUBB https://t.co/df5xFcrRBK
296,2019-12-11 00:48:05,Could watch this on replay forever. https://t.co/yfgu56huL4
297,2019-12-11 00:44:30,Kentuck still sucks https://t.co/Jt5DVYSQnV
298,2019-12-11 00:43:16,"I was at the old Yogiâ€™s, sitting at the bar when I saw the shot go in. @Cwat205 @Soni42 #iubb https://t.co/4U6mYATe8m"
299,2019-12-11 00:42:48,Never gets old https://t.co/x2FcpCIE83
300,2019-12-11 00:39:25,Here lyes the greatest shot of College Basketball history https://t.co/dGH35zZX5i
301,2019-12-11 00:38:04,I love toms reactionğŸ˜‚ğŸ˜‚ https://t.co/jDQF10A8mx
302,2019-12-11 00:37:36,@jack_hawkins10 https://t.co/Z317hQKfh3
303,2019-12-11 00:37:05,RT @indiana_edits: All the little piss ants saying we need to â€œget over thisâ€ can f right off. for a whole generation of Hoosier fans (inclâ€¦
304,2019-12-11 00:33:09,RT @IUBarstool: Indiana fans on â€œThe Shotâ€ anniversary every year #IUBB https://t.co/df5xFcrRBK
305,2019-12-11 00:29:03,This will never get old. Ever. https://t.co/jMibAikoEt
306,2019-12-11 00:17:03,RT @IUBarstool: Indiana fans on â€œThe Shotâ€ anniversary every year #IUBB https://t.co/df5xFcrRBK
307,2019-12-11 00:16:04,RT @kbmcintyre10: Just when you thought finals were causing you to have depression... @kyle_rubin12 fed into it too with this memory #rip hâ€¦
308,2019-12-11 00:15:51,@CraziATC @IUBarstool Because... https://t.co/U9GiIRQhtA
309,2019-12-11 00:14:35,RT @IUBarstool: Indiana fans on â€œThe Shotâ€ anniversary every year #IUBB https://t.co/df5xFcrRBK
310,2019-12-11 00:13:02,RT @IUBarstool: Indiana fans on â€œThe Shotâ€ anniversary every year #IUBB https://t.co/df5xFcrRBK
311,2019-12-11 00:12:39,Creanâ€™s face after this shot makes this so damn good https://t.co/LDFdXQVaE8
312,2019-12-11 00:11:01,Just when you thought finals were causing you to have depression... @kyle_rubin12 fed into it too with this memoryâ€¦ https://t.co/SE2o8lwWqo
313,2019-12-11 00:09:01,I remember this shit like it was yesterday lol we went nuts in Jonny room @ex_ZACH_ly https://t.co/si5y6sm0hV
314,2019-12-11 00:08:50,RT @IUBarstool: Indiana fans on â€œThe Shotâ€ anniversary every year #IUBB https://t.co/df5xFcrRBK
315,2019-12-11 00:07:56,Pure craziness! @Vj3_217 https://t.co/kBEu0Wt7Ah
316,2019-12-11 00:07:37,Twas such a cool shot if youâ€™re an Indiana fan. So cool but Iâ€™m so glad Iâ€™m not. https://t.co/7MYYkBMWNW
317,2019-12-11 00:05:29,RT @IUBarstool: Indiana fans on â€œThe Shotâ€ anniversary every year #IUBB https://t.co/df5xFcrRBK
318,2019-12-11 00:04:56,Creanâ€™s face ğŸ˜‚ğŸ˜… https://t.co/lxbMofrLBS
319,2019-12-11 00:04:07,@gutzy1234 @IUBarstool We also remember winning a national championship that year.
320,2019-12-10 23:51:40,"My god your basketball team is literally a laughing stockğŸ¤£ We celebrate titles, not buzzer beaters in Decemberâ€¦ https://t.co/yiKIS3K2Mn"
321,2019-12-10 23:50:43,Lmao this is so true &amp; I love it https://t.co/ZNptQRgEtt
322,2019-12-10 23:49:37,RT @IUBarstool: Indiana fans on â€œThe Shotâ€ anniversary every year #IUBB https://t.co/df5xFcrRBK
323,2019-12-10 23:48:37,RT @IUBarstool: Indiana fans on â€œThe Shotâ€ anniversary every year #IUBB https://t.co/df5xFcrRBK
324,2019-12-10 23:43:56,RT @IUBarstool: Indiana fans on â€œThe Shotâ€ anniversary every year #IUBB https://t.co/df5xFcrRBK
325,2019-12-10 23:43:07,RT @IUBarstool: Indiana fans on â€œThe Shotâ€ anniversary every year #IUBB https://t.co/df5xFcrRBK
326,2019-12-10 23:42:58,RT @IUBarstool: Indiana fans on â€œThe Shotâ€ anniversary every year #IUBB https://t.co/df5xFcrRBK
327,2019-12-10 23:42:22,IU fans constantly celebrating this win and the 08â€™ Celtics constantly celebrating their only championship in the lâ€¦ https://t.co/xfNvyyWfT6
328,2019-12-10 23:40:53,RT @IUBarstool: Indiana fans on â€œThe Shotâ€ anniversary every year #IUBB https://t.co/df5xFcrRBK
329,2019-12-10 23:36:42,@jessyexline @IUBarstool @abby_mcneely I mean that is actually me
330,2019-12-10 23:35:33,RT @IUBarstool: Indiana fans on â€œThe Shotâ€ anniversary every year #IUBB https://t.co/df5xFcrRBK
331,2019-12-10 23:30:48,I remember screaming and jumping and anything you can do out of pure joy because fuck Kentucky https://t.co/fBcqY6EyFn
332,2019-12-10 23:30:02,@TomCrean. This was amazing. Thank you so much for the memories Coach! https://t.co/xjZFaLVFUZ
333,2019-12-10 23:20:02,RT @IUBarstool: Indiana fans on â€œThe Shotâ€ anniversary every year #IUBB https://t.co/df5xFcrRBK
334,2019-12-10 23:15:43,RT @IUBarstool: Indiana fans on â€œThe Shotâ€ anniversary every year #IUBB https://t.co/df5xFcrRBK
335,2019-12-10 23:15:05,RT @IUBarstool: Indiana fans on â€œThe Shotâ€ anniversary every year #IUBB https://t.co/df5xFcrRBK
336,2019-12-10 23:13:41,RT @IUBarstool: Indiana fans on â€œThe Shotâ€ anniversary every year #IUBB https://t.co/df5xFcrRBK
337,2019-12-10 23:11:46,@IUBarstool @abby_mcneely @brianxsilva
338,2019-12-10 23:11:41,RT @IUBarstool: Indiana fans on â€œThe Shotâ€ anniversary every year #IUBB https://t.co/df5xFcrRBK
339,2019-12-10 23:08:52,RT @IUBarstool: Indiana fans on â€œThe Shotâ€ anniversary every year #IUBB https://t.co/df5xFcrRBK
340,2019-12-10 23:06:11,RT @IUBarstool: Indiana fans on â€œThe Shotâ€ anniversary every year #IUBB https://t.co/df5xFcrRBK
341,2019-12-10 23:04:56,RT @IUBarstool: Indiana fans on â€œThe Shotâ€ anniversary every year #IUBB https://t.co/df5xFcrRBK
342,2019-12-10 23:04:45,RT @IUBarstool: Indiana fans on â€œThe Shotâ€ anniversary every year #IUBB https://t.co/df5xFcrRBK
343,2019-12-10 23:01:39,The only thing IU fans can live off of.ğŸ¤£ğŸ¤£ Move in already. https://t.co/L8nvVChSdI
344,2019-12-10 22:59:17,@IUBarstool Notice how once the shot went thru the basket ESPN awarded the 3 points to UK.  (UK 75 a IU 70)
345,2019-12-10 22:55:39,RT @IUBarstool: Indiana fans on â€œThe Shotâ€ anniversary every year #IUBB https://t.co/df5xFcrRBK
346,2019-12-10 22:54:24,RT @IUBarstool: Indiana fans on â€œThe Shotâ€ anniversary every year #IUBB https://t.co/df5xFcrRBK
347,2019-12-10 22:50:51,RT @IUBarstool: Indiana fans on â€œThe Shotâ€ anniversary every year #IUBB https://t.co/df5xFcrRBK
348,2019-12-10 22:44:04,RT @IUBarstool: Indiana fans on â€œThe Shotâ€ anniversary every year #IUBB https://t.co/df5xFcrRBK
349,2019-12-10 22:43:46,Still gives me chills watching it!  Seems like yesterday! https://t.co/CFiLAapTUM
350,2019-12-10 22:43:18,All the little piss ants saying we need to â€œget over thisâ€ can f right off. for a whole generation of Hoosier fansâ€¦ https://t.co/XAPpvEK22P
351,2019-12-10 22:40:57,The only thing IU basketball has to talk for lol one shot... man must suck https://t.co/8O1yG9Bdwr
352,2019-12-10 22:40:00,I remember watching this live oh my god I was going nuts https://t.co/52PsDk5i6f
353,2019-12-10 22:39:55,This will never get old https://t.co/wP7OFNGOPc
354,2019-12-10 22:39:10,RT @IUBarstool: Indiana fans on â€œThe Shotâ€ anniversary every year #IUBB https://t.co/df5xFcrRBK
355,2019-12-10 22:29:49,RT @IUBarstool: Indiana fans on â€œThe Shotâ€ anniversary every year #IUBB https://t.co/df5xFcrRBK
356,2019-12-10 22:29:21,RT @IUBarstool: Indiana fans on â€œThe Shotâ€ anniversary every year #IUBB https://t.co/df5xFcrRBK
357,2019-12-10 22:22:46,"I remember where I was, who I was with, and how I reacted... What an amazing moment! Btw - I re-watch this video EVâ€¦ https://t.co/QxF2CeEa3r"
358,2019-12-10 22:22:20,RT @BradenMichael15: @IUBarstool @TakotaWeigold11 Great shot but Kentucky beat Indiana in March madness that same season and went on to winâ€¦
359,2019-12-10 22:21:33,@clayboy31 @hay5huff craziest game and celebration ever https://t.co/mPpZSU99lm
360,2019-12-10 22:19:28,RT @IUBarstool: Indiana fans on â€œThe Shotâ€ anniversary every year #IUBB https://t.co/df5xFcrRBK
361,2019-12-10 22:18:04,RT @IUBarstool: Indiana fans on â€œThe Shotâ€ anniversary every year #IUBB https://t.co/df5xFcrRBK
362,2019-12-10 22:17:47,Creanâ€™s face still kills me every time ğŸ˜‚ğŸ˜‚ https://t.co/Oa5SDmUK6I
363,2019-12-10 22:17:19,Yâ€™all post this every year like UK didnâ€™t beat yâ€™all in the sweet sixteen and win the natty that year... https://t.co/lgH4pIp9Bx
364,2019-12-10 22:16:15,Yâ€™all need to move on lol https://t.co/lF4JUOqmb4
365,2019-12-10 22:16:14,Here you go @phmjsimpson https://t.co/NMwTdMvJnH
366,2019-12-10 22:14:15,@IUBarstool @Jay_el_en
367,2019-12-10 22:03:12,@IUBarstool @jfinnegan5
368,2019-12-10 21:57:57,@swimfan1122 @IUBarstool friend unsure how to google?
369,2019-12-10 21:56:20,@IUBarstool This was filmed in downtown Baton Rouge haha
370,2019-12-10 21:56:04,"RT @M_Struewing14: â€œRemember, remember, the tenth of Decemberâ€ ğŸ”´âšªï¸ğŸ”´ https://t.co/CaP3dgYT4u"
371,2019-12-10 21:54:22,RT @IUBarstool: Indiana fans on â€œThe Shotâ€ anniversary every year #IUBB https://t.co/df5xFcrRBK
372,2019-12-10 21:53:20,RT @IUBarstool: Indiana fans on â€œThe Shotâ€ anniversary every year #IUBB https://t.co/df5xFcrRBK
373,2019-12-10 21:51:50,RT @IUBarstool: Indiana fans on â€œThe Shotâ€ anniversary every year #IUBB https://t.co/df5xFcrRBK
374,2019-12-10 21:49:46,"â€œRemember, remember, the tenth of Decemberâ€ ğŸ”´âšªï¸ğŸ”´ https://t.co/CaP3dgYT4u"
375,2019-12-10 21:44:38,RT @IUBarstool: Indiana fans on â€œThe Shotâ€ anniversary every year #IUBB https://t.co/df5xFcrRBK
376,2019-12-10 21:44:02,@IUBarstool Gonna need the Fisch version too please ğŸ¤
377,2019-12-10 21:40:38,RT @IUBarstool: Indiana fans on â€œThe Shotâ€ anniversary every year #IUBB https://t.co/df5xFcrRBK
378,2019-12-10 21:38:25,RT @IUBarstool: Indiana fans on â€œThe Shotâ€ anniversary every year #IUBB https://t.co/df5xFcrRBK
379,2019-12-10 21:34:43,RT @IUBarstool: Indiana fans on â€œThe Shotâ€ anniversary every year #IUBB https://t.co/df5xFcrRBK
380,2019-12-10 21:34:41,RT @IUBarstool: Indiana fans on â€œThe Shotâ€ anniversary every year #IUBB https://t.co/df5xFcrRBK
381,2019-12-10 21:32:54,I never noticed they gave the 3 points to kentuckyğŸ¤£ğŸ¤£ https://t.co/o4S7a0UkwM
382,2019-12-10 21:32:33,The year Christmas came 15 days early https://t.co/IV0r9MZHMZ
383,2019-12-10 21:30:16,RT @IUBarstool: Indiana fans on â€œThe Shotâ€ anniversary every year #IUBB https://t.co/df5xFcrRBK
384,2019-12-10 21:30:01,RT @IUBarstool: Indiana fans on â€œThe Shotâ€ anniversary every year #IUBB https://t.co/df5xFcrRBK
385,2019-12-10 21:27:12,RT @IUBarstool: Indiana fans on â€œThe Shotâ€ anniversary every year #IUBB https://t.co/df5xFcrRBK
386,2019-12-10 21:24:37,RT @IUBarstool: Indiana fans on â€œThe Shotâ€ anniversary every year #IUBB https://t.co/df5xFcrRBK
387,2019-12-10 21:23:16,Hands down best game Iâ€™ve ever been too!! https://t.co/hnq9zmDOsx
388,2019-12-10 21:22:27,RT @IUBarstool: Indiana fans on â€œThe Shotâ€ anniversary every year #IUBB https://t.co/df5xFcrRBK
389,2019-12-10 21:22:00,RT @IUBarstool: Indiana fans on â€œThe Shotâ€ anniversary every year #IUBB https://t.co/df5xFcrRBK
390,2019-12-10 21:21:03,RT @IUBarstool: Indiana fans on â€œThe Shotâ€ anniversary every year #IUBB https://t.co/df5xFcrRBK
391,2019-12-10 21:20:55,RT @IUBarstool: Indiana fans on â€œThe Shotâ€ anniversary every year #IUBB https://t.co/df5xFcrRBK
392,2019-12-10 21:20:13,@IUBarstool Asking for a friend. How many national championships has IU won or when was their last final four?
393,2019-12-10 21:14:42,RT @JeffMercer54: A moment all Hoosiers remember where they were when Wat hit the shot. I was at a restaurant in Cleveland after working aâ€¦
394,2019-12-10 21:12:38,A moment all Hoosiers remember where they were when Wat hit the shot. I was at a restaurant in Cleveland after workâ€¦ https://t.co/94nJVOAzFj
395,2019-12-10 21:12:26,RT @JamesHaller23: The greatest day in my whole life https://t.co/3G9G069Doy
396,2019-12-10 21:12:00,@zdove50 https://t.co/w7xzpJ8ktg
397,2019-12-10 21:11:08,RT @IUBarstool: Indiana fans on â€œThe Shotâ€ anniversary every year #IUBB https://t.co/df5xFcrRBK
398,2019-12-10 21:11:01,RT @IUBarstool: Indiana fans on â€œThe Shotâ€ anniversary every year #IUBB https://t.co/df5xFcrRBK
399,2019-12-10 21:10:54,Still to this day the craziest shit Iâ€™ve ever witnessed https://t.co/bk7VboajF1
400,2019-12-10 21:09:52,RT @IUBarstool: Indiana fans on â€œThe Shotâ€ anniversary every year #IUBB https://t.co/df5xFcrRBK
401,2019-12-10 21:08:54,RT @IUBarstool: Indiana fans on â€œThe Shotâ€ anniversary every year #IUBB https://t.co/df5xFcrRBK
402,2019-12-10 21:05:40,Still get chills to this day #iubb https://t.co/j8JHf8crlj
403,2019-12-10 21:03:59,RT @IUBarstool: Indiana fans on â€œThe Shotâ€ anniversary every year #IUBB https://t.co/df5xFcrRBK
404,2019-12-10 21:03:55,RT @IUBarstool: Indiana fans on â€œThe Shotâ€ anniversary every year #IUBB https://t.co/df5xFcrRBK
405,2019-12-10 21:03:37,RT @IUBarstool: Indiana fans on â€œThe Shotâ€ anniversary every year #IUBB https://t.co/df5xFcrRBK
406,2019-12-10 21:02:20,RT @IUBarstool: Indiana fans on â€œThe Shotâ€ anniversary every year #IUBB https://t.co/df5xFcrRBK
407,2019-12-10 21:01:01,RT @IUBarstool: Indiana fans on â€œThe Shotâ€ anniversary every year #IUBB https://t.co/df5xFcrRBK
408,2019-12-10 21:00:57,RT @IUBarstool: Indiana fans on â€œThe Shotâ€ anniversary every year #IUBB https://t.co/df5xFcrRBK
409,2019-12-10 20:58:16,RT @IUBarstool: Indiana fans on â€œThe Shotâ€ anniversary every year #IUBB https://t.co/df5xFcrRBK
410,2019-12-10 20:57:16,@IUBarstool CTCâ€™s face is the best part
411,2019-12-10 20:56:15,RT @IUBarstool: Indiana fans on â€œThe Shotâ€ anniversary every year #IUBB https://t.co/df5xFcrRBK
412,2019-12-10 20:56:08,LMFAO https://t.co/dsDHMNCngM
413,2019-12-10 20:56:03,Wow what a night I wish I could go back ğŸ¤¦ğŸ½â€â™‚ï¸ https://t.co/2IevPoUGI6
414,2019-12-10 20:51:39,"@IUBarstool https://t.co/tnZ3UuUmMQ

Fisch on the call with the â€œHoosiersâ€ score in the background...#perfect!
â¤ï¸ğŸ€â¤ï¸ğŸ€â¤ï¸ğŸ€"
415,2019-12-10 20:41:41,RT @IUBarstool: Indiana fans on â€œThe Shotâ€ anniversary every year #IUBB https://t.co/df5xFcrRBK
416,2019-12-10 20:41:20,RT @IUBarstool: Indiana fans on â€œThe Shotâ€ anniversary every year #IUBB https://t.co/df5xFcrRBK
417,2019-12-10 20:40:36,RT @IUBarstool: Indiana fans on â€œThe Shotâ€ anniversary every year #IUBB https://t.co/df5xFcrRBK
418,2019-12-10 20:39:03,Wonder how many decibels was that?  This and the Marco Killingsworth dunk on Duke had to be loudest moments there. https://t.co/LW71QywGmo
419,2019-12-10 20:37:30,RT @IUBarstool: Indiana fans on â€œThe Shotâ€ anniversary every year #IUBB https://t.co/df5xFcrRBK
420,2019-12-10 20:36:47,CHILLLLLS https://t.co/ldzNusAQKS
421,2019-12-10 20:35:27,RT @IUBarstool: Indiana fans on â€œThe Shotâ€ anniversary every year #IUBB https://t.co/df5xFcrRBK
422,2019-12-10 20:35:26,RT @IUBarstool: Indiana fans on â€œThe Shotâ€ anniversary every year #IUBB https://t.co/df5xFcrRBK
423,2019-12-10 20:34:12,This might be a top 5 college basketball game of all time https://t.co/Fzn35MbnYi
424,2019-12-10 20:33:31,RT @IUBarstool: Indiana fans on â€œThe Shotâ€ anniversary every year #IUBB https://t.co/df5xFcrRBK
425,2019-12-10 20:32:50,RT @IUBarstool: Indiana fans on â€œThe Shotâ€ anniversary every year #IUBB https://t.co/df5xFcrRBK
426,2019-12-10 20:31:37,RT @IUBarstool: Indiana fans on â€œThe Shotâ€ anniversary every year #IUBB https://t.co/df5xFcrRBK
427,2019-12-10 20:31:30,RT @IUBarstool: Indiana fans on â€œThe Shotâ€ anniversary every year #IUBB https://t.co/df5xFcrRBK
428,2019-12-10 20:31:10,RT @IUBarstool: Indiana fans on â€œThe Shotâ€ anniversary every year #IUBB https://t.co/df5xFcrRBK
429,2019-12-10 20:29:27,RT @IUBarstool: Indiana fans on â€œThe Shotâ€ anniversary every year #IUBB https://t.co/df5xFcrRBK
430,2019-12-10 20:28:03,RT @grantahlbrand: @NathanH_14 @IUBarstool Hard to lose in the tournament when you donâ€™t make it
431,2019-12-10 20:25:54,RT @IUBarstool: Indiana fans on â€œThe Shotâ€ anniversary every year #IUBB https://t.co/df5xFcrRBK
432,2019-12-10 20:25:27,RT @IUBarstool: Indiana fans on â€œThe Shotâ€ anniversary every year #IUBB https://t.co/df5xFcrRBK
433,2019-12-10 20:23:37,RT @IUBarstool: Indiana fans on â€œThe Shotâ€ anniversary every year #IUBB https://t.co/df5xFcrRBK
434,2019-12-10 20:23:33,I will never get tired of watching this and RTing this https://t.co/Z0GopXpTim
435,2019-12-10 20:22:50,RT @IUBarstool: Indiana fans on â€œThe Shotâ€ anniversary every year #IUBB https://t.co/df5xFcrRBK
436,2019-12-10 20:20:24,RT @IUBarstool: Indiana fans on â€œThe Shotâ€ anniversary every year #IUBB https://t.co/df5xFcrRBK
437,2019-12-10 20:17:43,@grantahlbrand @IUBarstool Hey Iâ€™m not hyping IU Ik they trash rnğŸ˜‚
438,2019-12-10 20:17:11,RT @IUBarstool: Indiana fans on â€œThe Shotâ€ anniversary every year #IUBB https://t.co/df5xFcrRBK
439,2019-12-10 20:16:56,@NathanH_14 @IUBarstool Hard to lose in the tournament when you donâ€™t make it
440,2019-12-10 20:16:43,There will never be a moment when this isnâ€™t cool. #WatShot https://t.co/Y3BVdsHfgA
441,2019-12-10 20:15:51,RT @IUBarstool: Indiana fans on â€œThe Shotâ€ anniversary every year #IUBB https://t.co/df5xFcrRBK
442,2019-12-10 20:14:06,RT @IUBarstool: Indiana fans on â€œThe Shotâ€ anniversary every year #IUBB https://t.co/df5xFcrRBK
443,2019-12-10 20:13:01,Still one of the best college games Iâ€™ve ever seen. https://t.co/VonLyg04A2
444,2019-12-10 20:11:06,RT @IUBarstool: Indiana fans on â€œThe Shotâ€ anniversary every year #IUBB https://t.co/df5xFcrRBK
445,2019-12-10 20:10:37,RT @IUBarstool: Indiana fans on â€œThe Shotâ€ anniversary every year #IUBB https://t.co/df5xFcrRBK
446,2019-12-10 20:09:15,ğŸ¥° this will never get old! https://t.co/AI8s89aV2D
447,2019-12-10 20:08:53,@RomanSmithAD...just going to leave this here... https://t.co/ISs50Uf7Fr
448,2019-12-10 20:07:13,Ol' Dicky V having a stroke or something ğŸ˜‚ğŸ˜‚ @Cwat205 ğŸ’¦ğŸ”¥ https://t.co/kUrpOcVbSe
449,2019-12-10 20:06:20,My opinion the best finish in college basketball. https://t.co/DSy6EgYxvi
450,2019-12-10 20:04:15,@IUBarstool @NathanBusse
451,2019-12-10 20:02:40,RT @IUBarstool: Indiana fans on â€œThe Shotâ€ anniversary every year #IUBB https://t.co/df5xFcrRBK
452,2019-12-10 20:02:05,I will forever remember watching this shot from the first row in the balcony immediately followed by claustrophobia https://t.co/CBGVIfkUTw
453,2019-12-10 20:01:39,RT @IUBarstool: Indiana fans on â€œThe Shotâ€ anniversary every year #IUBB https://t.co/df5xFcrRBK
454,2019-12-10 20:01:04,@IUBarstool Thanks Coach Crean
455,2019-12-10 20:00:54,RT @IUBarstool: Indiana fans on â€œThe Shotâ€ anniversary every year #IUBB https://t.co/df5xFcrRBK
456,2019-12-10 20:00:47,I still get chills every time i watch this https://t.co/Nw1Btzo5yJ
457,2019-12-10 19:58:07,@grantahlbrand @IUBarstool Funny that a Purdue fan is talking about losing when it matters
458,2019-12-10 19:57:41,RT @IUBarstool: Indiana fans on â€œThe Shotâ€ anniversary every year #IUBB https://t.co/df5xFcrRBK
459,2019-12-10 19:57:07,RT @IUBarstool: Indiana fans on â€œThe Shotâ€ anniversary every year #IUBB https://t.co/df5xFcrRBK
460,2019-12-10 19:56:56,RT @IUBarstool: Indiana fans on â€œThe Shotâ€ anniversary every year #IUBB https://t.co/df5xFcrRBK
461,2019-12-10 19:55:50,RT @grantahlbrand: @IUBarstool Damn thatâ€™s crazy that they lost when it mattered and Kentucky won the natty
462,2019-12-10 19:55:50,RT @IUBarstool: Indiana fans on â€œThe Shotâ€ anniversary every year #IUBB https://t.co/df5xFcrRBK
463,2019-12-10 19:55:46,@_dgkindy_ https://t.co/Wi0SO5uwpa
464,2019-12-10 19:52:56,RT @IUBarstool: Indiana fans on â€œThe Shotâ€ anniversary every year #IUBB https://t.co/df5xFcrRBK
465,2019-12-10 19:51:03,@IUBarstool @Teejey3DFS Crean ğŸ˜‚
466,2019-12-10 19:50:56,RT @IUBarstool: Indiana fans on â€œThe Shotâ€ anniversary every year #IUBB https://t.co/df5xFcrRBK
467,2019-12-10 19:50:51,RT @IUBarstool: Indiana fans on â€œThe Shotâ€ anniversary every year #IUBB https://t.co/df5xFcrRBK
468,2019-12-10 19:50:15,RT @IUBarstool: Indiana fans on â€œThe Shotâ€ anniversary every year #IUBB https://t.co/df5xFcrRBK
469,2019-12-10 19:49:38,RT @IUBarstool: Indiana fans on â€œThe Shotâ€ anniversary every year #IUBB https://t.co/df5xFcrRBK
470,2019-12-10 19:49:33,RT @IUBarstool: Indiana fans on â€œThe Shotâ€ anniversary every year #IUBB https://t.co/df5xFcrRBK
471,2019-12-10 19:47:17,RT @IUBarstool: Indiana fans on â€œThe Shotâ€ anniversary every year #IUBB https://t.co/df5xFcrRBK
472,2019-12-10 19:45:48,RT @IUBarstool: Indiana fans on â€œThe Shotâ€ anniversary every year #IUBB https://t.co/df5xFcrRBK
473,2019-12-10 19:44:24,RT @IUBarstool: Indiana fans on â€œThe Shotâ€ anniversary every year #IUBB https://t.co/df5xFcrRBK
474,2019-12-10 19:43:47,RT @IUBarstool: Indiana fans on â€œThe Shotâ€ anniversary every year #IUBB https://t.co/df5xFcrRBK
475,2019-12-10 19:42:53,RT @IUBarstool: Indiana fans on â€œThe Shotâ€ anniversary every year #IUBB https://t.co/df5xFcrRBK
476,2019-12-10 19:42:51,RT @IUBarstool: Indiana fans on â€œThe Shotâ€ anniversary every year #IUBB https://t.co/df5xFcrRBK
477,2019-12-10 19:42:41,So.many.goosebumps. https://t.co/RTgCj8jOTz
478,2019-12-10 19:41:57,RT @IUBarstool: Indiana fans on â€œThe Shotâ€ anniversary every year #IUBB https://t.co/df5xFcrRBK
479,2019-12-10 19:41:41,I was watching this alone and I got so hyped I jumped and hit my into the ceiling fan https://t.co/3dAxO00344
480,2019-12-10 19:41:05,@IUBarstool https://t.co/z1UL8R8SmK
481,2019-12-10 19:39:47,RT @IUBarstool: Indiana fans on â€œThe Shotâ€ anniversary every year #IUBB https://t.co/df5xFcrRBK
482,2019-12-10 19:39:07,@schnid52 https://t.co/rMkkzGHb84
483,2019-12-10 19:38:52,Still gives me chills to this day. I. Love. College. Basketball. https://t.co/WbRNHBbZvq
484,2019-12-10 19:38:24,RT @IUBarstool: Indiana fans on â€œThe Shotâ€ anniversary every year #IUBB https://t.co/df5xFcrRBK
485,2019-12-10 19:38:19,I always just rewind to see Tom Creans face over and over again 10 seconds in when C-Wat hits The Shot https://t.co/GfWUxG5ihd
486,2019-12-10 19:37:35,RT @IUBarstool: Indiana fans on â€œThe Shotâ€ anniversary every year #IUBB https://t.co/df5xFcrRBK
487,2019-12-10 19:37:06,Indiana fans on â€œThe Shotâ€ anniversary every year #IUBB https://t.co/df5xFcrRBK
488,2019-12-10 19:36:52,@IUBarstool Damn thatâ€™s crazy that they lost when it mattered and Kentucky won the natty
489,2019-12-10 19:34:15,8 years ago sheesh https://t.co/3iBzyCf3mo
490,2019-12-10 19:34:08,What a terrible time to mess up as a bug op.... but by far my favorite sports moment in my life https://t.co/vTANz1mVC6
491,2019-12-10 19:32:35,RT @_delalelyo_: this happened 8 YEARS ago yâ€™all..... find something new to brag about. bc yâ€™all just look sad at this point https://t.co/oâ€¦
492,2019-12-10 19:29:08,"When this happened, I thought it would haunt me for years like the Laettner shot.  

Turns out, it would only botheâ€¦ https://t.co/9yO1XDFohY"
493,2019-12-10 19:25:33,"Every year this will come up on my timeline, and every year I will retweet it! â¤ï¸ https://t.co/xkoD9r9AAb"
494,2019-12-10 19:17:38,Itâ€™s tough being and IU student but a Kentucky fan https://t.co/Ubx02IEjWK
495,2019-12-10 19:02:38,@gutzy1234 @IUBarstool I still remember watching the game in the living room at my old house while my parents and gâ€¦ https://t.co/YnPQ32Ef0y
496,2019-12-10 18:55:28,@IUBarstool @WhatsKrakin
497,2019-12-10 18:50:35,â€œWatford for the win!â€ Will always carry that same weight it did that night @denier77 https://t.co/gWTPz3l8R9
498,2019-12-10 18:48:52,really just curious if tom creans brain caved in at this point https://t.co/EahLVs41ZG https://t.co/3cWFY1jyfA
499,2019-12-10 18:46:59,The look on creanâ€™s face is a classic ğŸ˜‚ğŸ˜‚ğŸ˜‚ https://t.co/tvsH0ZaOed
500,2019-12-10 18:46:30,RT @djharbert22: Iâ€™ll never forget sitting in my living room watching my whole family freak out. https://t.co/w74eN92O5Z
501,2019-12-10 18:46:17,Happiest moment of my childhood. I ran around my house screaming and jumping and smiling. A special moment. I reallâ€¦ https://t.co/2yi8H0JWni
502,2019-12-10 18:46:17,"I donâ€™t see the problem in reliving awesome moments, people get mad at schools leech on to awesome moments. Beatingâ€¦ https://t.co/VPg1DHcO8q"
503,2019-12-10 18:45:04,I've said it before and I'll say it again...this is the best birthday gift I've ever received! Thanks @Cwat205 andâ€¦ https://t.co/Q93kWmXZGy
504,2019-12-10 18:45:02,@BradenMichael15 @IUBarstool Yeah ik... I give credit to Kentucky winning the natty too... just cool thatâ€¦ https://t.co/SlQXTyuRMB
505,2019-12-10 18:40:36,@IUBarstool @TakotaWeigold11 Great shot but Kentucky beat Indiana in March madness that same season and went on toâ€¦ https://t.co/LrkGJ1vNVK
506,2019-12-10 18:32:13,@IUBarstool Boom ğŸ’¥ Baby GO IU
507,2019-12-10 18:26:40,@IUBarstool @holy_SCHICK the last great dick vitale call. Also we watched this at ur house
508,2019-12-10 18:26:24,@IUBarstool 1976 team owes Wat a beer at the very least.
509,2019-12-10 18:25:28,The greatest day in my whole life https://t.co/3G9G069Doy
510,2019-12-10 18:24:22,Iâ€™ll never forget sitting in my living room watching my whole family freak out. https://t.co/w74eN92O5Z
511,2019-12-10 18:19:17,i will watch and retweet this every time it is on my tl https://t.co/bnoTcubhIq
512,2019-12-10 18:12:54,@IUBarstool @Jzajac818
513,2019-12-10 18:11:43,Never gets old https://t.co/v64z1vo8Kl
514,2019-12-10 18:11:19,It will forever bug me that they mistakenly added the points to Kentucky ğŸ˜© https://t.co/xjZ3dVdj4t
515,2019-12-10 18:06:27,@IUBarstool @JordanHulls1 I will never forget this!
516,2019-12-10 18:02:58,Gator Bowl Baby! https://t.co/2UoWNBG2bD
517,2019-12-10 18:02:20,Run the tape ğŸ¥ğŸ€ğŸ’¯ğŸ”¥ https://t.co/uMQsfnxWre
518,2019-12-10 18:01:37,Remember remember the 10th of December https://t.co/q16I5Cwgim
519,2019-12-10 17:58:28,@NickYuill https://t.co/pUVTvR99Kf
520,2019-12-10 17:57:37,Proudest moment as an IU fan in the last 15 years. I shall cling to it until they do something to top it which at tâ€¦ https://t.co/YvjwXck6uo
521,2019-12-10 17:51:20,iâ€™ll never forget about this https://t.co/5ZyzcyTCkm
522,2019-12-10 17:47:17,â¤ï¸ğŸ˜¢ https://t.co/8L3oYXjAG9
523,2019-12-10 17:45:09,#theshot â¤ï¸ğŸ¤â¤ï¸ https://t.co/j6blBe0YFe
524,2019-12-10 17:44:23,Reading all my Facebook memory posts had me in my feels this morning. https://t.co/HeoAZqiKij
525,2019-12-10 17:42:27,Tom Creanâ€™s face and the Score board mistake are better than the shot. https://t.co/7fz8E1tBtD
526,2019-12-10 17:41:51,Let it go my god. this their only moment in the past decade move on https://t.co/6YIcrEVkCW
527,2019-12-10 17:36:55,Legendary night #TheWatShot https://t.co/4fYb6skpmU
528,2019-12-10 17:30:05,@KalebS260 and @KRSmith25's dad: https://t.co/kgkIm7Q68N https://t.co/75GAiN6p2e
529,2019-12-10 17:28:55,@IUBarstool Let it GO!
530,2019-12-10 17:27:00,The one IU moment I can celebrate in my lifetime @TFraley96 lol https://t.co/dGtKKq1qGC
531,2019-12-10 17:25:47,i will never forget being at this game ğŸ¤© https://t.co/nHcxL7dYot
532,2019-12-10 17:12:07,"Toms face will never, not be funny ğŸ˜‚ https://t.co/ed1Pz4M177"
533,2019-12-10 17:04:13,@alexhweber still scared to come back to assembly hall https://t.co/xHW5Jom8ZQ
534,2019-12-10 17:02:07,RT @_delalelyo_: this happened 8 YEARS ago yâ€™all..... find something new to brag about. bc yâ€™all just look sad at this point https://t.co/oâ€¦
535,2019-12-10 17:01:24,"@IUBarstool @MarvelousJTM_56 Not an IU fan, but how did ESPN update the wrong team score??? ğŸ˜‚"
536,2019-12-10 16:58:53,"For the love of God, CLOSE THE YEARBOOK JESUS CHRIST https://t.co/Oyx8BoZ24X"
537,2019-12-10 16:56:55,@IUBarstool If youâ€™re a Kentucky fan and comment on this...this shot still haunts you then. Of course were going toâ€¦ https://t.co/g0wdxLQJ2f
538,2019-12-10 16:55:40,this happened 8 YEARS ago yâ€™all..... find something new to brag about. bc yâ€™all just look sad at this point https://t.co/o1O7KIAgOi
539,2019-12-10 16:55:11,Make ESPN Great Again https://t.co/P4s7ka7b9F
540,2019-12-10 16:54:48,"Never forget this night, $3 Thursday in Bloomington.  Christmas party at the house after the game, UK never had a câ€¦ https://t.co/pl4D4d1Kqk"
541,2019-12-10 16:50:36,The Anniversary #TheShot https://t.co/lvHeV0WCTp
542,2019-12-10 16:47:42,"RT @BarstoolStorrs: GAMEDAY TONIGHT AGAINST @IUBarstool!! Basically a home game at MSG, we run that place #BleedBlue"
543,2019-12-10 14:13:36,"GAMEDAY TONIGHT AGAINST @IUBarstool!! Basically a home game at MSG, we run that place #BleedBlue"
544,2019-12-10 05:38:45,RT @IUBarstool: IU football really is going bowling #IUFB https://t.co/5iwxo3s7SC
545,2019-12-09 22:41:14,RT @IUBarstool: Merry Christmas from our family to yours #IUB https://t.co/BABM6shESg
546,2019-12-09 20:41:53,@barstoolsports @KFCBarstool @barstoolchicago @IUBarstool you guys should start selling these
547,2019-12-09 04:16:36,"I feel like @IUBarstool and @BarstoolTenn will be like â€œhey, youâ€™re coolâ€, and â€œhey, youâ€™re cool!â€ And then we willâ€¦ https://t.co/hnafOeiK0B"
548,2019-12-08 23:41:49,RT @IUBarstool: Sunday Scaries hitting different before dead week #IUB https://t.co/PCot8RJDnr
549,2019-12-08 19:01:26,RT @IUBarstool: Sunday Scaries hitting different before dead week #IUB https://t.co/PCot8RJDnr
550,2019-12-08 18:53:15,Sunday Scaries hitting different before dead week #IUB https://t.co/PCot8RJDnr
551,2019-12-08 07:27:39,@IUBarstool Miller wow ğŸ¤© he needs to
552,2019-12-08 04:10:22,@IUBarstool Nope
553,2019-12-08 03:46:27,RT @IUBarstool: https://t.co/urTGrtvnEE
554,2019-12-08 03:19:02,RT @jordans_81: Go hoosiers https://t.co/hq4673ql4E
555,2019-12-08 02:29:54,RT @IUBarstool: https://t.co/urTGrtvnEE
556,2019-12-08 02:02:12,https://t.co/hGy5c3xwQR https://t.co/2Y9ZU4NuZg
557,2019-12-08 00:46:42,@IUBarstool @OldTakesExposed
558,2019-12-08 00:32:23,RT @BrandonHacha: Lol https://t.co/zyiUpAOJ4A
559,2019-12-08 00:07:35,"@IUBarstool I agree, that was the worst defense I have seen!!ğŸ˜¡ğŸ€ The left hand, didn't know what the right hand was doing????ğŸ¤”âšªğŸ”´"
560,2019-12-08 00:03:25,@cding65 @IUBarstool @Pacers No joke. Pacers can still win it though. I always bet on the Steelers!
561,2019-12-08 00:00:14,This tweet aged well. https://t.co/xDUtMuxVCE
562,2019-12-07 23:59:32,@DRoBDR @IUBarstool @Pacers Damn not your week bro hope you didnâ€™t bet on the Steelers tomorrow
563,2019-12-07 23:58:32,RT @IUBarstool: https://t.co/urTGrtvnEE
564,2019-12-07 23:45:19,RT @IUBarstool: https://t.co/urTGrtvnEE
565,2019-12-07 23:44:07,RT @IUBarstool: https://t.co/urTGrtvnEE
566,2019-12-07 23:43:26,"@MaggardDarby @IUBarstool 1. Did you mean to tweet Iu basketball?
2. What the hell is your second tweet?"
567,2019-12-07 23:40:31,RT @IUBarstool: https://t.co/urTGrtvnEE
568,2019-12-07 23:39:32,@IUBarstool are you awake?
569,2019-12-07 23:33:13,Lol https://t.co/zyiUpAOJ4A
570,2019-12-07 23:13:46,@IUBarstool @CalebDahlkamp ğŸ˜‚ğŸ˜‚
571,2019-12-07 23:03:55,RT @IUBarstool: https://t.co/urTGrtvnEE
572,2019-12-07 23:03:38,RT @IUBarstool: https://t.co/urTGrtvnEE
573,2019-12-07 23:02:29,RT @IUBarstool: https://t.co/urTGrtvnEE
574,2019-12-07 23:02:20,RT @IUBarstool: https://t.co/urTGrtvnEE
575,2019-12-07 22:58:23,RT @IUBarstool: https://t.co/urTGrtvnEE
576,2019-12-07 22:56:52,@IUBarstool Did they catch the flu on the damn flight over there or what? They all look so damn slow.
577,2019-12-07 22:56:12,@IUBarstool this game gave me the runs
578,2019-12-07 22:55:46,RT @IUBarstool: https://t.co/urTGrtvnEE
579,2019-12-07 22:55:37,RT @IUBarstool: https://t.co/urTGrtvnEE
580,2019-12-07 22:55:30,RT @IUBarstool: https://t.co/urTGrtvnEE
581,2019-12-07 22:55:24,RT @IUBarstool: https://t.co/urTGrtvnEE
582,2019-12-07 22:55:22,@IUBarstool @OldTakesExposed
583,2019-12-07 22:55:11,https://t.co/urTGrtvnEE
584,2019-12-07 22:22:11,They are dead out there.  Road game has them sacred. https://t.co/LUAmCN1bcW
585,2019-12-07 22:22:10,@IUBarstool Pack line doesnâ€™t work or is too hard to learn
586,2019-12-07 22:19:30,Why the hell is Al Durham in the damn game @IndianaMBB @IUBarstool
587,2019-12-07 22:12:47,SOMEBODY PLAY SOME DEFENSE #IUBB
588,2019-12-07 22:07:30,@IUBarstool You should be. They are getting taken to the fucking wood shed
589,2019-12-07 22:06:49,@IUBarstool Haha are you watching the game or just watching the score?
590,2019-12-07 22:06:36,@IUBarstool If we don't brick 5 layups we are right there
591,2019-12-07 22:06:31,@IUBarstool Devonte about to pop off
592,2019-12-07 22:05:53,@IUBarstool NOT YET! This is Indiana!
593,2019-12-07 22:05:29,Game of runs. We arenâ€™t worried yet #IUBB
594,2019-12-07 19:50:50,Betting Indiana basketball hard today!!! #IUBB #PACERS @IUBarstool @Pacers
595,2019-12-07 19:35:47,@Jajajakepetti https://t.co/HzFHJs4Y6T
596,2019-12-07 19:26:44,Merry Christmas from our family to yours #IUB https://t.co/BABM6shESg
597,2019-12-07 18:38:32,RT @IUBarstool: IU football really is going bowling #IUFB https://t.co/5iwxo3s7SC
598,2019-12-07 18:37:57,RT @IUBarstool: IU football really is going bowling #IUFB https://t.co/5iwxo3s7SC
599,2019-12-07 18:06:41,RT @IUBarstool: IU football really is going bowling #IUFB https://t.co/5iwxo3s7SC
600,2019-12-07 18:04:24,RT @IUBarstool: IU football really is going bowling #IUFB https://t.co/5iwxo3s7SC
601,2019-12-07 18:00:29,RT @IUBarstool: IU football really is going bowling #IUFB https://t.co/5iwxo3s7SC
602,2019-12-07 16:51:47,RT @IUBarstool: IU football really is going bowling #IUFB https://t.co/5iwxo3s7SC
603,2019-12-07 16:16:12,RT @jones_reakwon: ğŸ¤£ğŸ¤£ğŸ¤£ğŸ¤£ğŸ¤£ https://t.co/W2oInm37JU
604,2019-12-07 16:08:27,Hahahahahaha https://t.co/qR8lrGGOm6
605,2019-12-07 15:56:33,RT @IUBarstool: IU football really is going bowling #IUFB https://t.co/5iwxo3s7SC
606,2019-12-07 15:42:33,RT @IUBarstool: IU football really is going bowling #IUFB https://t.co/5iwxo3s7SC
607,2019-12-07 15:34:58,RT @jones_reakwon: ğŸ¤£ğŸ¤£ğŸ¤£ğŸ¤£ğŸ¤£ https://t.co/W2oInm37JU
608,2019-12-07 15:34:48,RT @IUBarstool: IU football really is going bowling #IUFB https://t.co/5iwxo3s7SC
609,2019-12-07 15:17:17,RT @IUBarstool: IU football really is going bowling #IUFB https://t.co/5iwxo3s7SC
610,2019-12-07 15:09:37,RT @IUBarstool: IU football really is going bowling #IUFB https://t.co/5iwxo3s7SC
611,2019-12-07 15:05:55,RT @IUBarstool: IU football really is going bowling #IUFB https://t.co/5iwxo3s7SC
612,2019-12-07 15:01:38,RT @IUBarstool: IU football really is going bowling #IUFB https://t.co/5iwxo3s7SC
613,2019-12-07 13:32:37,RT @IUBarstool: IU football really is going bowling #IUFB https://t.co/5iwxo3s7SC
614,2019-12-07 13:02:18,RT @IUBarstool: IU football really is going bowling #IUFB https://t.co/5iwxo3s7SC
615,2019-12-07 12:57:35,RT @IUBarstool: IU football really is going bowling #IUFB https://t.co/5iwxo3s7SC
616,2019-12-07 12:31:23,RT @IUBarstool: IU football really is going bowling #IUFB https://t.co/5iwxo3s7SC
617,2019-12-07 10:54:06,RT @IUBarstool: IU football really is going bowling #IUFB https://t.co/5iwxo3s7SC
618,2019-12-07 08:29:13,RT @IUBarstool: IU football really is going bowling #IUFB https://t.co/5iwxo3s7SC
619,2019-12-07 07:27:36,RT @IUBarstool: IU football really is going bowling #IUFB https://t.co/5iwxo3s7SC
620,2019-12-07 05:50:09,RT @IUBarstool: IU football really is going bowling #IUFB https://t.co/5iwxo3s7SC
621,2019-12-07 05:18:29,RT @IUBarstool: IU football really is going bowling #IUFB https://t.co/5iwxo3s7SC
622,2019-12-07 05:04:59,RT @IUBarstool: IU football really is going bowling #IUFB https://t.co/5iwxo3s7SC
623,2019-12-07 04:57:16,RT @jones_reakwon: ğŸ¤£ğŸ¤£ğŸ¤£ğŸ¤£ğŸ¤£ https://t.co/W2oInm37JU
624,2019-12-07 04:36:51,RT @IUBarstool: IU football really is going bowling #IUFB https://t.co/5iwxo3s7SC
625,2019-12-07 04:21:54,RT @IUBarstool: IU football really is going bowling #IUFB https://t.co/5iwxo3s7SC
626,2019-12-07 04:16:02,RT @headhunchomo: Pleas tell me this ainâ€™t kwon fr ?ğŸ˜‚ğŸ˜­ @jones_reakwon https://t.co/bNSpGWiS4M
627,2019-12-07 04:14:43,RT @IUBarstool: IU football really is going bowling #IUFB https://t.co/5iwxo3s7SC
628,2019-12-07 04:06:37,RT @IUBarstool: IU football really is going bowling #IUFB https://t.co/5iwxo3s7SC
629,2019-12-07 03:57:54,RT @IUBarstool: IU football really is going bowling #IUFB https://t.co/5iwxo3s7SC
630,2019-12-07 03:53:44,RT @IUBarstool: IU football really is going bowling #IUFB https://t.co/5iwxo3s7SC
631,2019-12-07 03:50:31,RT @IUBarstool: IU football really is going bowling #IUFB https://t.co/5iwxo3s7SC
632,2019-12-07 03:46:59,RT @IUBarstool: IU football really is going bowling #IUFB https://t.co/5iwxo3s7SC
633,2019-12-07 03:40:31,RT @IUBarstool: IU football really is going bowling #IUFB https://t.co/5iwxo3s7SC
634,2019-12-07 03:23:50,RT @IUBarstool: IU football really is going bowling #IUFB https://t.co/5iwxo3s7SC
635,2019-12-07 03:22:04,RT @jones_reakwon: ğŸ¤£ğŸ¤£ğŸ¤£ğŸ¤£ğŸ¤£ https://t.co/W2oInm37JU
636,2019-12-07 03:16:52,RT @IUBarstool: IU football really is going bowling #IUFB https://t.co/5iwxo3s7SC
637,2019-12-07 03:13:48,RT @jones_reakwon: ğŸ¤£ğŸ¤£ğŸ¤£ğŸ¤£ğŸ¤£ https://t.co/W2oInm37JU
638,2019-12-07 03:03:33,RT @IUBarstool: IU football really is going bowling #IUFB https://t.co/5iwxo3s7SC
639,2019-12-07 03:01:24,ğŸ˜‚ https://t.co/KqG8UF5U0Y
640,2019-12-07 02:55:59,RT @headhunchomo: Pleas tell me this ainâ€™t kwon fr ?ğŸ˜‚ğŸ˜­ @jones_reakwon https://t.co/bNSpGWiS4M
641,2019-12-07 02:36:40,RT @jones_reakwon: ğŸ¤£ğŸ¤£ğŸ¤£ğŸ¤£ğŸ¤£ https://t.co/W2oInm37JU
642,2019-12-07 02:09:26,RT @IUBarstool: IU football really is going bowling #IUFB https://t.co/5iwxo3s7SC
643,2019-12-07 02:08:39,RT @IUBarstool: IU football really is going bowling #IUFB https://t.co/5iwxo3s7SC
644,2019-12-07 02:00:22,RT @IUBarstool: IU football really is going bowling #IUFB https://t.co/5iwxo3s7SC
645,2019-12-07 01:56:47,RT @IUBarstool: IU football really is going bowling #IUFB https://t.co/5iwxo3s7SC
646,2019-12-07 01:50:51,RT @IUBarstool: IU football really is going bowling #IUFB https://t.co/5iwxo3s7SC
647,2019-12-07 01:44:34,RT @IUBarstool: IU football really is going bowling #IUFB https://t.co/5iwxo3s7SC
648,2019-12-07 01:27:51,RT @IUBarstool: IU football really is going bowling #IUFB https://t.co/5iwxo3s7SC
649,2019-12-07 01:24:57,RT @IUBarstool: IU football really is going bowling #IUFB https://t.co/5iwxo3s7SC
650,2019-12-07 01:23:00,RT @IUBarstool: IU football really is going bowling #IUFB https://t.co/5iwxo3s7SC
651,2019-12-07 01:19:38,RT @IUBarstool: IU football really is going bowling #IUFB https://t.co/5iwxo3s7SC
652,2019-12-07 01:19:23,@IUBarstool @IndianaHQ @WEBOBOWLING
653,2019-12-07 01:19:03,RT @jones_reakwon: ğŸ¤£ğŸ¤£ğŸ¤£ğŸ¤£ğŸ¤£ https://t.co/W2oInm37JU
654,2019-12-07 01:16:47,RT @IUBarstool: IU football really is going bowling #IUFB https://t.co/5iwxo3s7SC
655,2019-12-07 01:14:07,RT @jones_reakwon: ğŸ¤£ğŸ¤£ğŸ¤£ğŸ¤£ğŸ¤£ https://t.co/W2oInm37JU
656,2019-12-07 01:14:02,RT @IUBarstool: IU football really is going bowling #IUFB https://t.co/5iwxo3s7SC
657,2019-12-07 00:51:47,RT @jones_reakwon: ğŸ¤£ğŸ¤£ğŸ¤£ğŸ¤£ğŸ¤£ https://t.co/W2oInm37JU
658,2019-12-07 00:42:08,RT @IUBarstool: IU football really is going bowling #IUFB https://t.co/5iwxo3s7SC
659,2019-12-07 00:39:07,RT @IUBarstool: IU football really is going bowling #IUFB https://t.co/5iwxo3s7SC
660,2019-12-07 00:31:59,RT @IUBarstool: IU football really is going bowling #IUFB https://t.co/5iwxo3s7SC
661,2019-12-07 00:24:50,RT @IUBarstool: IU football really is going bowling #IUFB https://t.co/5iwxo3s7SC
662,2019-12-07 00:24:21,Know you missed all the pins huh @jones_reakwon? ğŸ˜‚ğŸ˜­ https://t.co/a8EvEwTTGq
663,2019-12-07 00:14:17,RT @IUBarstool: IU football really is going bowling #IUFB https://t.co/5iwxo3s7SC
664,2019-12-07 00:13:09,RT @IUBarstool: IU football really is going bowling #IUFB https://t.co/5iwxo3s7SC
665,2019-12-07 00:07:22,RT @IUBarstool: IU football really is going bowling #IUFB https://t.co/5iwxo3s7SC
666,2019-12-07 00:02:28,RT @IUBarstool: IU football really is going bowling #IUFB https://t.co/5iwxo3s7SC
667,2019-12-07 00:00:21,RT @IUBarstool: IU football really is going bowling #IUFB https://t.co/5iwxo3s7SC
668,2019-12-06 23:59:40,RT @IUBarstool: IU football really is going bowling #IUFB https://t.co/5iwxo3s7SC
669,2019-12-06 23:54:46,RT @IUBarstool: IU football really is going bowling #IUFB https://t.co/5iwxo3s7SC
670,2019-12-06 23:54:02,RT @IUBarstool: IU football really is going bowling #IUFB https://t.co/5iwxo3s7SC
671,2019-12-06 23:37:08,ğŸ¤£ğŸ¤£ğŸ¤£ğŸ¤£ https://t.co/XiHXF02riI
672,2019-12-06 23:15:47,RT @IUBarstool: IU football really is going bowling #IUFB https://t.co/5iwxo3s7SC
673,2019-12-06 23:07:11,RT @headhunchomo: Pleas tell me this ainâ€™t kwon fr ?ğŸ˜‚ğŸ˜­ @jones_reakwon https://t.co/bNSpGWiS4M
674,2019-12-06 23:01:42,RT @IUBarstool: IU football really is going bowling #IUFB https://t.co/5iwxo3s7SC
675,2019-12-06 23:00:33,RT @jones_reakwon: ğŸ¤£ğŸ¤£ğŸ¤£ğŸ¤£ğŸ¤£ https://t.co/W2oInm37JU
676,2019-12-06 22:57:18,RT @IUBarstool: IU football really is going bowling #IUFB https://t.co/5iwxo3s7SC
677,2019-12-06 22:55:38,RT @IUBarstool: IU football really is going bowling #IUFB https://t.co/5iwxo3s7SC
678,2019-12-06 22:55:19,RT @IUBarstool: IU football really is going bowling #IUFB https://t.co/5iwxo3s7SC
679,2019-12-06 22:54:21,RT @IUBarstool: IU football really is going bowling #IUFB https://t.co/5iwxo3s7SC
680,2019-12-06 22:54:17,RT @IUBarstool: IU football really is going bowling #IUFB https://t.co/5iwxo3s7SC
681,2019-12-06 22:54:02,RT @jones_reakwon: ğŸ¤£ğŸ¤£ğŸ¤£ğŸ¤£ğŸ¤£ https://t.co/W2oInm37JU
682,2019-12-06 22:50:50,RT @IUBarstool: IU football really is going bowling #IUFB https://t.co/5iwxo3s7SC
683,2019-12-06 22:47:17,RT @IUBarstool: IU football really is going bowling #IUFB https://t.co/5iwxo3s7SC
684,2019-12-06 22:47:03,RT @IUBarstool: IU football really is going bowling #IUFB https://t.co/5iwxo3s7SC
685,2019-12-06 22:45:33,RT @IUBarstool: IU football really is going bowling #IUFB https://t.co/5iwxo3s7SC
686,2019-12-06 22:40:21,RT @IUBarstool: IU football really is going bowling #IUFB https://t.co/5iwxo3s7SC
687,2019-12-06 22:37:12,RT @IUBarstool: IU football really is going bowling #IUFB https://t.co/5iwxo3s7SC
688,2019-12-06 22:35:56,@IUBarstool In the Union?
689,2019-12-06 22:35:22,RT @IUBarstool: IU football really is going bowling #IUFB https://t.co/5iwxo3s7SC
690,2019-12-06 22:33:42,RT @IUBarstool: IU football really is going bowling #IUFB https://t.co/5iwxo3s7SC
691,2019-12-06 22:31:54,RT @IUBarstool: IU football really is going bowling #IUFB https://t.co/5iwxo3s7SC
692,2019-12-06 22:29:44,RT @IUBarstool: IU football really is going bowling #IUFB https://t.co/5iwxo3s7SC
693,2019-12-06 22:27:28,RT @Niyah_J12: @jones_reakwon ğŸ˜‚ğŸ˜‚ğŸ˜­ the form is solid https://t.co/1wy0ubOj5t
694,2019-12-06 22:27:11,RT @headhunchomo: Pleas tell me this ainâ€™t kwon fr ?ğŸ˜‚ğŸ˜­ @jones_reakwon https://t.co/bNSpGWiS4M
695,2019-12-06 22:26:49,Pleas tell me this ainâ€™t kwon fr ?ğŸ˜‚ğŸ˜­ @jones_reakwon https://t.co/bNSpGWiS4M
696,2019-12-06 22:23:46,@jones_reakwon ğŸ˜‚ğŸ˜‚ğŸ˜­ the form is solid https://t.co/1wy0ubOj5t
697,2019-12-06 22:10:17,RT @IUBarstool: IU football really is going bowling #IUFB https://t.co/5iwxo3s7SC
698,2019-12-06 22:08:51,RT @IUBarstool: IU football really is going bowling #IUFB https://t.co/5iwxo3s7SC
699,2019-12-06 22:07:57,RT @theOfficialJW23: ğŸ¤£ğŸ¤£ğŸ¤£ğŸ¤£ğŸ¤£ @jones_reakwon https://t.co/3gokEE93l2
700,2019-12-06 22:06:39,RT @IUBarstool: IU football really is going bowling #IUFB https://t.co/5iwxo3s7SC
701,2019-12-06 22:03:06,RT @IUBarstool: IU football really is going bowling #IUFB https://t.co/5iwxo3s7SC
702,2019-12-06 22:01:24,RT @IUBarstool: IU football really is going bowling #IUFB https://t.co/5iwxo3s7SC
703,2019-12-06 22:01:01,RT @IUBarstool: IU football really is going bowling #IUFB https://t.co/5iwxo3s7SC
704,2019-12-06 22:00:24,RT @IUBarstool: IU football really is going bowling #IUFB https://t.co/5iwxo3s7SC
705,2019-12-06 22:00:11,RT @IUBarstool: IU football really is going bowling #IUFB https://t.co/5iwxo3s7SC
706,2019-12-06 21:59:54,ğŸ¤£ğŸ¤£ğŸ¤£ğŸ¤£ğŸ¤£ @jones_reakwon https://t.co/3gokEE93l2
707,2019-12-06 21:54:29,RT @IUBarstool: IU football really is going bowling #IUFB https://t.co/5iwxo3s7SC
708,2019-12-06 21:52:12,RT @jordans_81: Go hoosiers https://t.co/hq4673ql4E
709,2019-12-06 21:50:34,RT @IUBarstool: IU football really is going bowling #IUFB https://t.co/5iwxo3s7SC
710,2019-12-06 21:47:55,RT @MarchiePriller: #iufb https://t.co/Z5L8Y9Jzax
711,2019-12-06 21:46:04,RT @jones_reakwon: ğŸ¤£ğŸ¤£ğŸ¤£ğŸ¤£ğŸ¤£ https://t.co/W2oInm37JU
712,2019-12-06 21:42:08,RT @IUBarstool: IU football really is going bowling #IUFB https://t.co/5iwxo3s7SC
713,2019-12-06 21:41:06,RT @jones_reakwon: ğŸ¤£ğŸ¤£ğŸ¤£ğŸ¤£ğŸ¤£ https://t.co/W2oInm37JU
714,2019-12-06 21:41:00,RT @IUBarstool: IU football really is going bowling #IUFB https://t.co/5iwxo3s7SC
715,2019-12-06 21:37:18,#iufb https://t.co/Z5L8Y9Jzax
716,2019-12-06 21:35:43,RT @IUBarstool: IU football really is going bowling #IUFB https://t.co/5iwxo3s7SC
717,2019-12-06 21:35:09,RT @IUBarstool: IU football really is going bowling #IUFB https://t.co/5iwxo3s7SC
718,2019-12-06 21:34:02,RT @IUBarstool: IU football really is going bowling #IUFB https://t.co/5iwxo3s7SC
719,2019-12-06 21:33:58,RT @IUBarstool: IU football really is going bowling #IUFB https://t.co/5iwxo3s7SC
720,2019-12-06 21:31:12,RT @IUBarstool: IU football really is going bowling #IUFB https://t.co/5iwxo3s7SC
721,2019-12-06 21:31:11,@BEEFCHOK https://t.co/gq1HcBc6Nm
722,2019-12-06 21:29:25,RT @IUBarstool: IU football really is going bowling #IUFB https://t.co/5iwxo3s7SC
723,2019-12-06 21:29:07,RT @IUBarstool: IU football really is going bowling #IUFB https://t.co/5iwxo3s7SC
724,2019-12-06 21:27:51,@Samuels2305 @IUBarstool Is that lance briggs?
725,2019-12-06 21:26:12,RT @IUBarstool: IU football really is going bowling #IUFB https://t.co/5iwxo3s7SC
726,2019-12-06 21:25:57,RT @IUBarstool: IU football really is going bowling #IUFB https://t.co/5iwxo3s7SC
727,2019-12-06 21:25:31,RT @IUBarstool: IU football really is going bowling #IUFB https://t.co/5iwxo3s7SC
728,2019-12-06 21:24:55,RT @IUBarstool: IU football really is going bowling #IUFB https://t.co/5iwxo3s7SC
729,2019-12-06 21:24:06,RT @IUBarstool: IU football really is going bowling #IUFB https://t.co/5iwxo3s7SC
730,2019-12-06 21:15:07,RT @IUBarstool: IU football really is going bowling #IUFB https://t.co/5iwxo3s7SC
731,2019-12-06 21:11:36,RT @IUBarstool: IU football really is going bowling #IUFB https://t.co/5iwxo3s7SC
732,2019-12-06 21:05:00,ğŸ¤£ğŸ¤£ğŸ¤£ this is awesome https://t.co/u6AjsHmbJQ
733,2019-12-06 21:04:32,RT @IUBarstool: IU football really is going bowling #IUFB https://t.co/5iwxo3s7SC
734,2019-12-06 21:01:22,RT @IUBarstool: IU football really is going bowling #IUFB https://t.co/5iwxo3s7SC
735,2019-12-06 20:59:43,RT @IUBarstool: IU football really is going bowling #IUFB https://t.co/5iwxo3s7SC
736,2019-12-06 20:58:50,RT @IUBarstool: IU football really is going bowling #IUFB https://t.co/5iwxo3s7SC
737,2019-12-06 20:57:29,RT @IUBarstool: IU football really is going bowling #IUFB https://t.co/5iwxo3s7SC
738,2019-12-06 20:56:44,RT @IUBarstool: IU football really is going bowling #IUFB https://t.co/5iwxo3s7SC
739,2019-12-06 20:56:20,RT @IUBarstool: IU football really is going bowling #IUFB https://t.co/5iwxo3s7SC
740,2019-12-06 20:55:13,RT @IUBarstool: IU football really is going bowling #IUFB https://t.co/5iwxo3s7SC
741,2019-12-06 20:54:29,RT @IUBarstool: IU football really is going bowling #IUFB https://t.co/5iwxo3s7SC
742,2019-12-06 20:53:42,RT @IUBarstool: IU football really is going bowling #IUFB https://t.co/5iwxo3s7SC
743,2019-12-06 20:50:53,Yo check out Hurricane by @__knowlej__ https://t.co/bjgX1Rw0Oo RT @tkhiller: Canâ€™t wait for #SelectionSunday #IUFBâ€¦ https://t.co/ogwHJa3XOK
744,2019-12-06 20:47:42,RT @IUBarstool: IU football really is going bowling #IUFB https://t.co/5iwxo3s7SC
745,2019-12-06 20:43:21,RT @MikeMajette_24: I love the vibe bro @jones_reakwon https://t.co/oYbW2NWZh5
746,2019-12-06 20:42:08,@IUBarstool @ztestis ğŸ’€
747,2019-12-06 20:41:47,RT @IUBarstool: IU football really is going bowling #IUFB https://t.co/5iwxo3s7SC
748,2019-12-06 20:41:29,RT @IUBarstool: IU football really is going bowling #IUFB https://t.co/5iwxo3s7SC
749,2019-12-06 20:41:14,RT @IUBarstool: IU football really is going bowling #IUFB https://t.co/5iwxo3s7SC
750,2019-12-06 20:39:08,Canâ€™t wait for #SelectionSunday #IUFB ğŸ³ğŸ³ âšªï¸â¤ï¸ğŸˆ https://t.co/NC6NMQz8dl
751,2019-12-06 20:38:31,RT @JeremyAnder199: A highlight video of a missed dunk is peak IU https://t.co/gNr464ziix
752,2019-12-06 20:31:06,RT @MikeMajette_24: I love the vibe bro @jones_reakwon https://t.co/oYbW2NWZh5
753,2019-12-06 20:30:42,I love the vibe bro @jones_reakwon https://t.co/oYbW2NWZh5
754,2019-12-06 20:29:31,RT @IUBarstool: IU football really is going bowling #IUFB https://t.co/5iwxo3s7SC
755,2019-12-06 20:27:14,RT @IUBarstool: IU football really is going bowling #IUFB https://t.co/5iwxo3s7SC
756,2019-12-06 20:25:34,RT @IUBarstool: IU football really is going bowling #IUFB https://t.co/5iwxo3s7SC
757,2019-12-06 20:24:44,RT @IUBarstool: IU football really is going bowling #IUFB https://t.co/5iwxo3s7SC
758,2019-12-06 20:24:41,RT @IUBarstool: IU football really is going bowling #IUFB https://t.co/5iwxo3s7SC
759,2019-12-06 20:24:07,RT @IUBarstool: IU football really is going bowling #IUFB https://t.co/5iwxo3s7SC
760,2019-12-06 20:23:03,RT @IUBarstool: IU football really is going bowling #IUFB https://t.co/5iwxo3s7SC
761,2019-12-06 20:21:42,RT @IUBarstool: IU football really is going bowling #IUFB https://t.co/5iwxo3s7SC
762,2019-12-06 20:21:01,RT @IUBarstool: IU football really is going bowling #IUFB https://t.co/5iwxo3s7SC
763,2019-12-06 20:19:46,RT @IUBarstool: IU football really is going bowling #IUFB https://t.co/5iwxo3s7SC
764,2019-12-06 20:19:39,RT @IUBarstool: IU football really is going bowling #IUFB https://t.co/5iwxo3s7SC
765,2019-12-06 20:17:21,RT @IUBarstool: IU football really is going bowling #IUFB https://t.co/5iwxo3s7SC
766,2019-12-06 20:16:08,RT @IUBarstool: IU football really is going bowling #IUFB https://t.co/5iwxo3s7SC
767,2019-12-06 20:15:36,RT @IUBarstool: IU football really is going bowling #IUFB https://t.co/5iwxo3s7SC
768,2019-12-06 20:15:32,RT @IUBarstool: IU football really is going bowling #IUFB https://t.co/5iwxo3s7SC
769,2019-12-06 20:14:39,RT @IUBarstool: IU football really is going bowling #IUFB https://t.co/5iwxo3s7SC
770,2019-12-06 20:14:29,Can't tell and really just want to know if he was wearing cleats or bowling shoes. #iufb https://t.co/41tq6j9vtA
771,2019-12-06 20:13:37,RT @jones_reakwon: ğŸ¤£ğŸ¤£ğŸ¤£ğŸ¤£ğŸ¤£ https://t.co/W2oInm37JU
772,2019-12-06 20:12:57,RT @IUBarstool: IU football really is going bowling #IUFB https://t.co/5iwxo3s7SC
773,2019-12-06 20:12:32,RT @IUBarstool: IU football really is going bowling #IUFB https://t.co/5iwxo3s7SC
774,2019-12-06 20:06:36,RT @IUBarstool: IU football really is going bowling #IUFB https://t.co/5iwxo3s7SC
775,2019-12-06 20:06:23,RT @IUBarstool: IU football really is going bowling #IUFB https://t.co/5iwxo3s7SC
776,2019-12-06 20:05:40,RT @IUBarstool: IU football really is going bowling #IUFB https://t.co/5iwxo3s7SC
777,2019-12-06 20:03:56,ğŸ¤£ğŸ¤£ğŸ¤£ğŸ¤£ğŸ¤£ https://t.co/W2oInm37JU
778,2019-12-06 19:59:52,RT @IUBarstool: IU football really is going bowling #IUFB https://t.co/5iwxo3s7SC
779,2019-12-06 19:59:20,RT @IUBarstool: IU football really is going bowling #IUFB https://t.co/5iwxo3s7SC
780,2019-12-06 19:56:43,RT @IUBarstool: IU football really is going bowling #IUFB https://t.co/5iwxo3s7SC
781,2019-12-06 19:55:56,RT @IUBarstool: IU football really is going bowling #IUFB https://t.co/5iwxo3s7SC
782,2019-12-06 19:53:31,RT @IUBarstool: IU football really is going bowling #IUFB https://t.co/5iwxo3s7SC
783,2019-12-06 19:53:10,RT @IUBarstool: IU football really is going bowling #IUFB https://t.co/5iwxo3s7SC
784,2019-12-06 19:52:41,RT @IUBarstool: IU football really is going bowling #IUFB https://t.co/5iwxo3s7SC
785,2019-12-06 19:50:25,RT @HollandMatt1157: .@findley_doug we've been spotted ğŸ‘€ğŸ‘€ https://t.co/3N6O7mAFAy
786,2019-12-06 19:49:42,RT @HollandMatt1157: .@findley_doug we've been spotted ğŸ‘€ğŸ‘€ https://t.co/3N6O7mAFAy
787,2019-12-06 19:49:26,.@findley_doug we've been spotted ğŸ‘€ğŸ‘€ https://t.co/3N6O7mAFAy
788,2019-12-06 19:49:04,RT @IUBarstool: IU football really is going bowling #IUFB https://t.co/5iwxo3s7SC
789,2019-12-06 19:48:51,RT @IUBarstool: IU football really is going bowling #IUFB https://t.co/5iwxo3s7SC
790,2019-12-06 19:48:24,ğŸ˜¬ğŸ˜¬ğŸ˜¬ https://t.co/g9YboUWoli
791,2019-12-06 19:47:38,RT @IUBarstool: IU football really is going bowling #IUFB https://t.co/5iwxo3s7SC
792,2019-12-06 19:47:26,RT @IUBarstool: IU football really is going bowling #IUFB https://t.co/5iwxo3s7SC
793,2019-12-06 19:47:20,RT @IUBarstool: IU football really is going bowling #IUFB https://t.co/5iwxo3s7SC
794,2019-12-06 19:47:17,RT @IUBarstool: IU football really is going bowling #IUFB https://t.co/5iwxo3s7SC
795,2019-12-06 19:46:59,RT @IUBarstool: IU football really is going bowling #IUFB https://t.co/5iwxo3s7SC
796,2019-12-06 19:46:30,@IUBarstool @JonahLevine15
797,2019-12-06 19:46:09,RT @IUBarstool: IU football really is going bowling #IUFB https://t.co/5iwxo3s7SC
798,2019-12-06 19:44:52,RT @IUBarstool: IU football really is going bowling #IUFB https://t.co/5iwxo3s7SC
799,2019-12-06 19:43:55,RT @IUBarstool: IU football really is going bowling #IUFB https://t.co/5iwxo3s7SC
800,2019-12-06 19:43:32,RT @IUBarstool: IU football really is going bowling #IUFB https://t.co/5iwxo3s7SC
801,2019-12-06 19:39:53,RT @IUBarstool: IU football really is going bowling #IUFB https://t.co/5iwxo3s7SC
802,2019-12-06 19:39:42,RT @IUBarstool: IU football really is going bowling #IUFB https://t.co/5iwxo3s7SC
803,2019-12-06 19:38:49,RT @IUBarstool: IU football really is going bowling #IUFB https://t.co/5iwxo3s7SC
804,2019-12-06 19:38:24,@jones_reakwon this you g? ğŸ˜‚ https://t.co/RJMZCIOGgR
805,2019-12-06 19:35:34,RT @IUBarstool: IU football really is going bowling #IUFB https://t.co/5iwxo3s7SC
806,2019-12-06 19:34:20,RT @IUBarstool: IU football really is going bowling #IUFB https://t.co/5iwxo3s7SC
807,2019-12-06 19:34:18,RT @IUBarstool: IU football really is going bowling #IUFB https://t.co/5iwxo3s7SC
808,2019-12-06 19:34:04,RT @IUBarstool: IU football really is going bowling #IUFB https://t.co/5iwxo3s7SC
809,2019-12-06 19:33:14,RT @IUBarstool: IU football really is going bowling #IUFB https://t.co/5iwxo3s7SC
810,2019-12-06 19:32:48,IU football really is going bowling #IUFB https://t.co/5iwxo3s7SC
811,2019-12-06 15:52:22,RT @IUBarstool: Whatever superstition keeps the Hoosiers winning #IUBB https://t.co/VLvBkqrDm9
812,2019-12-06 12:10:37,RT @jordans_81: Go hoosiers https://t.co/hq4673ql4E
813,2019-12-06 06:41:33,RT @jordans_81: Go hoosiers https://t.co/hq4673ql4E
814,2019-12-06 04:17:50,@IUBarstool @peta
815,2019-12-06 02:12:29,RT @IUBarstool: Whatever superstition keeps the Hoosiers winning #IUBB https://t.co/VLvBkqrDm9
816,2019-12-06 01:06:00,RT @JeremyAnder199: A highlight video of a missed dunk is peak IU https://t.co/gNr464ziix
817,2019-12-05 23:59:34,RT @jordans_81: Go hoosiers https://t.co/hq4673ql4E
818,2019-12-05 23:54:45,RT @IUBarstool: Whatever superstition keeps the Hoosiers winning #IUBB https://t.co/VLvBkqrDm9
819,2019-12-05 23:46:01,RT @jordans_81: Go hoosiers https://t.co/hq4673ql4E
820,2019-12-05 21:25:28,Confirmed fact: Monkeys love Wednesdayâ€™s just as much as IU students #IUB https://t.co/LW7MNA6LTJ
821,2019-12-05 20:59:25,RT @IUBarstool: Whatever superstition keeps the Hoosiers winning #IUBB https://t.co/VLvBkqrDm9
822,2019-12-05 20:10:17,RT @IUBarstool: Whatever superstition keeps the Hoosiers winning #IUBB https://t.co/VLvBkqrDm9
823,2019-12-05 20:03:10,RT @IUBarstool: Whatever superstition keeps the Hoosiers winning #IUBB https://t.co/VLvBkqrDm9
824,2019-12-05 18:47:33,RT @IUBarstool: Whatever superstition keeps the Hoosiers winning #IUBB https://t.co/VLvBkqrDm9
825,2019-12-05 18:30:05,RT @jordans_81: Go hoosiers https://t.co/hq4673ql4E
826,2019-12-05 18:29:11,RT @IUBarstool: Whatever superstition keeps the Hoosiers winning #IUBB https://t.co/VLvBkqrDm9
827,2019-12-05 18:26:53,@IUBarstool That was on purpose. His buddy was looking right at the camera and picking his nose. #college
828,2019-12-05 17:14:41,RT @baneoatmeal: The smell of victory https://t.co/AR9GaHM7zz
829,2019-12-05 16:57:44,@IUBarstool Team monkey all day.
830,2019-12-05 15:47:24,RT @IUBarstool: Whatever superstition keeps the Hoosiers winning #IUBB https://t.co/VLvBkqrDm9
831,2019-12-05 15:27:46,RT @baneoatmeal: The smell of victory https://t.co/AR9GaHM7zz
832,2019-12-05 15:06:44,RT @IUBarstool: Whatever superstition keeps the Hoosiers winning #IUBB https://t.co/VLvBkqrDm9
833,2019-12-05 14:52:49,@IUBarstool Kids gotta transfer?!
834,2019-12-05 14:35:50,"RT @trobinson_7: I remember when Whiteland beat CG and we added Trayce to our group chat to congratulate him on the loss, and he stayed inâ€¦"
835,2019-12-05 14:29:42,@IUBarstool Ball deflections: 1
836,2019-12-05 14:17:55,RT @IUBarstool: Whatever superstition keeps the Hoosiers winning #IUBB https://t.co/VLvBkqrDm9
837,2019-12-05 14:15:31,"RT @trobinson_7: I remember when Whiteland beat CG and we added Trayce to our group chat to congratulate him on the loss, and he stayed inâ€¦"
838,2019-12-05 13:51:44,"@IUBarstool @ChefBoyArGreen Now that I know his handle is @ChefBoyArGreen , I like him even more ğŸ˜†"
839,2019-12-05 12:01:51,RT @jordans_81: Go hoosiers https://t.co/hq4673ql4E
840,2019-12-05 10:56:26,RT @IUBarstool: Whatever superstition keeps the Hoosiers winning #IUBB https://t.co/VLvBkqrDm9
841,2019-12-05 08:36:55,RT @IUBarstool: Whatever superstition keeps the Hoosiers winning #IUBB https://t.co/VLvBkqrDm9
842,2019-12-05 08:26:27,RT @IUBarstool: Whatever superstition keeps the Hoosiers winning #IUBB https://t.co/VLvBkqrDm9
843,2019-12-05 07:52:02,RT @IUBarstool: Whatever superstition keeps the Hoosiers winning #IUBB https://t.co/VLvBkqrDm9
844,2019-12-05 05:45:31,The smell of victory https://t.co/AR9GaHM7zz
845,2019-12-05 03:54:48,Funky London https://t.co/DGKQPzDvRu
846,2019-12-05 02:54:45,@Singer14Andrew @IndianaMBB @IUBarstool And I oopâ€”
847,2019-12-05 02:40:16,Ik that ainâ€™t Jordan bruhğŸ™ŒğŸ¾ğŸ˜­ğŸ˜… https://t.co/WQjZwDONpq
848,2019-12-05 02:36:16,RT @kylepape2: @IUBarstool  ESPN knows which city is better ğŸ”´âšªï¸ğŸ”´âšªï¸ https://t.co/Kv22igN7Db
849,2019-12-05 02:17:09,RT @jordans_81: Go hoosiers https://t.co/hq4673ql4E
850,2019-12-05 02:13:08,@IUBarstool  ESPN knows which city is better ğŸ”´âšªï¸ğŸ”´âšªï¸ https://t.co/Kv22igN7Db
851,2019-12-05 02:08:55,"â€œBack to Bloomington, to Mackey arenaâ€ during the PU vs UVA. @IUBarstool already in their heads"
